date,close
2018-01-02 00:00:00-05:00,46.47303009033203
2018-01-03 00:00:00-05:00,46.2342414855957
2018-01-04 00:00:00-05:00,45.708946228027344
2018-01-05 00:00:00-05:00,45.67710876464844
2018-01-08 00:00:00-05:00,46.21833038330078
2018-01-09 00:00:00-05:00,45.62139892578125
2018-01-10 00:00:00-05:00,44.95283126831055
2018-01-11 00:00:00-05:00,44.690189361572266
2018-01-12 00:00:00-05:00,44.18877029418945
2018-01-16 00:00:00-05:00,44.141014099121094
2018-01-17 00:00:00-05:00,44.40366744995117
2018-01-18 00:00:00-05:00,44.085296630859375
2018-01-19 00:00:00-05:00,43.90222930908203
2018-01-22 00:00:00-05:00,44.01366424560547
2018-01-23 00:00:00-05:00,44.62649917602539
2018-01-24 00:00:00-05:00,44.36386489868164
2018-01-25 00:00:00-05:00,45.1597785949707
2018-01-26 00:00:00-05:00,45.303035736083984
2018-01-29 00:00:00-05:00,44.47529983520508
2018-01-30 00:00:00-05:00,44.64244079589844
2018-01-31 00:00:00-05:00,45.07223129272461
2018-02-01 00:00:00-05:00,43.9420280456543
2018-02-02 00:00:00-05:00,43.687347412109375
2018-02-05 00:00:00-05:00,43.0983772277832
2018-02-06 00:00:00-05:00,42.18307113647461
2018-02-07 00:00:00-05:00,42.33430480957031
2018-02-08 00:00:00-05:00,41.85675048828125
2018-02-09 00:00:00-05:00,44.10917282104492
2018-02-12 00:00:00-05:00,43.83061218261719
2018-02-13 00:00:00-05:00,43.97386169433594
2018-02-14 00:00:00-05:00,43.52020263671875
2018-02-15 00:00:00-05:00,44.777732849121094
2018-02-16 00:00:00-05:00,44.825496673583984
2018-02-20 00:00:00-05:00,43.838565826416016
2018-02-21 00:00:00-05:00,43.29734802246094
2018-02-22 00:00:00-05:00,43.44857406616211
2018-02-23 00:00:00-05:00,44.849365234375
2018-02-26 00:00:00-05:00,44.37181854248047
2018-02-27 00:00:00-05:00,43.687347412109375
2018-02-28 00:00:00-05:00,43.21775436401367
2018-03-01 00:00:00-05:00,42.947147369384766
2018-03-02 00:00:00-05:00,43.002864837646484
2018-03-05 00:00:00-05:00,43.87039566040039
2018-03-06 00:00:00-05:00,42.93122863769531
2018-03-07 00:00:00-05:00,42.64472198486328
2018-03-08 00:00:00-05:00,42.86756896972656
2018-03-09 00:00:00-05:00,42.97102355957031
2018-03-12 00:00:00-04:00,43.305301666259766
2018-03-13 00:00:00-04:00,43.416080474853516
2018-03-14 00:00:00-04:00,43.849517822265625
2018-03-15 00:00:00-04:00,43.96189498901367
2018-03-16 00:00:00-04:00,44.53980255126953
2018-03-19 00:00:00-04:00,44.307029724121094
2018-03-20 00:00:00-04:00,44.25084686279297
2018-03-21 00:00:00-04:00,44.06623458862305
2018-03-22 00:00:00-04:00,44.08228302001953
2018-03-23 00:00:00-04:00,43.35186004638672
2018-03-26 00:00:00-04:00,44.026100158691406
2018-03-27 00:00:00-04:00,44.85284423828125
2018-03-28 00:00:00-04:00,44.901004791259766
2018-03-29 00:00:00-04:00,45.45484924316406
2018-04-02 00:00:00-04:00,45.502994537353516
2018-04-03 00:00:00-04:00,45.86419677734375
2018-04-04 00:00:00-04:00,45.59932327270508
2018-04-05 00:00:00-04:00,46.105003356933594
2018-04-06 00:00:00-04:00,45.856170654296875
2018-04-09 00:00:00-04:00,45.719722747802734
2018-04-10 00:00:00-04:00,45.10969924926758
2018-04-11 00:00:00-04:00,44.957191467285156
2018-04-12 00:00:00-04:00,44.4113883972168
2018-04-13 00:00:00-04:00,44.55586624145508
2018-04-16 00:00:00-04:00,45.238121032714844
2018-04-17 00:00:00-04:00,45.66352844238281
2018-04-18 00:00:00-04:00,45.39866256713867
2018-04-19 00:00:00-04:00,45.63142776489258
2018-04-20 00:00:00-04:00,45.165889739990234
2018-04-23 00:00:00-04:00,45.45484924316406
2018-04-24 00:00:00-04:00,45.9123649597168
2018-04-25 00:00:00-04:00,45.920387268066406
2018-04-26 00:00:00-04:00,46.450138092041016
2018-04-27 00:00:00-04:00,47.03608703613281
2018-04-30 00:00:00-04:00,47.05214309692383
2018-05-01 00:00:00-04:00,46.81937026977539
2018-05-02 00:00:00-04:00,46.85950469970703
2018-05-03 00:00:00-04:00,47.148460388183594
2018-05-04 00:00:00-04:00,47.276893615722656
2018-05-07 00:00:00-04:00,46.98793029785156
2018-05-08 00:00:00-04:00,45.679588317871094
2018-05-09 00:00:00-04:00,45.125755310058594
2018-05-10 00:00:00-04:00,45.222068786621094
2018-05-11 00:00:00-04:00,45.6474723815918
2018-05-14 00:00:00-04:00,45.42273712158203
2018-05-15 00:00:00-04:00,45.286293029785156
2018-05-16 00:00:00-04:00,44.901004791259766
2018-05-17 00:00:00-04:00,44.820743560791016
2018-05-18 00:00:00-04:00,45.157859802246094
2018-05-21 00:00:00-04:00,45.222068786621094
2018-05-22 00:00:00-04:00,45.51102828979492
2018-05-23 00:00:00-04:00,46.46620178222656
2018-05-24 00:00:00-04:00,47.180564880371094
2018-05-25 00:00:00-04:00,47.252811431884766
2018-05-29 00:00:00-04:00,47.220703125
2018-05-30 00:00:00-04:00,47.67018508911133
2018-05-31 00:00:00-04:00,47.5096549987793
2018-06-01 00:00:00-04:00,46.642791748046875
2018-06-04 00:00:00-04:00,46.53842544555664
2018-06-05 00:00:00-04:00,46.080909729003906
2018-06-06 00:00:00-04:00,45.40668869018555
2018-06-07 00:00:00-04:00,45.67156219482422
2018-06-08 00:00:00-04:00,45.502994537353516
2018-06-11 00:00:00-04:00,44.74849319458008
2018-06-12 00:00:00-04:00,45.37005615234375
2018-06-13 00:00:00-04:00,45.12725067138672
2018-06-14 00:00:00-04:00,45.620933532714844
2018-06-15 00:00:00-04:00,46.10652542114258
2018-06-18 00:00:00-04:00,46.648765563964844
2018-06-19 00:00:00-04:00,47.16672134399414
2018-06-20 00:00:00-04:00,47.191001892089844
2018-06-21 00:00:00-04:00,47.35285949707031
2018-06-22 00:00:00-04:00,47.490455627441406
2018-06-25 00:00:00-04:00,48.27547836303711
2018-06-26 00:00:00-04:00,48.51018524169922
2018-06-27 00:00:00-04:00,48.95530319213867
2018-06-28 00:00:00-04:00,49.238563537597656
2018-06-29 00:00:00-04:00,49.24665451049805
2018-07-02 00:00:00-04:00,49.54610061645508
2018-07-03 00:00:00-04:00,49.55419158935547
2018-07-05 00:00:00-04:00,49.81316375732422
2018-07-06 00:00:00-04:00,50.201637268066406
2018-07-09 00:00:00-04:00,48.53445816040039
2018-07-10 00:00:00-04:00,48.963401794433594
2018-07-11 00:00:00-04:00,49.67558670043945
2018-07-12 00:00:00-04:00,49.66748809814453
2018-07-13 00:00:00-04:00,49.683677673339844
2018-07-16 00:00:00-04:00,49.643218994140625
2018-07-17 00:00:00-04:00,49.58656692504883
2018-07-18 00:00:00-04:00,49.424705505371094
2018-07-19 00:00:00-04:00,49.942665100097656
2018-07-20 00:00:00-04:00,49.643218994140625
2018-07-23 00:00:00-04:00,49.3114013671875
2018-07-24 00:00:00-04:00,49.368064880371094
2018-07-25 00:00:00-04:00,49.659400939941406
2018-07-26 00:00:00-04:00,50.29875564575195
2018-07-27 00:00:00-04:00,50.12880325317383
2018-07-30 00:00:00-04:00,49.70795440673828
2018-07-31 00:00:00-04:00,50.225929260253906
2018-08-01 00:00:00-04:00,49.659400939941406
2018-08-02 00:00:00-04:00,49.99121856689453
2018-08-03 00:00:00-04:00,50.54155349731445
2018-08-06 00:00:00-04:00,50.638668060302734
2018-08-07 00:00:00-04:00,50.65486526489258
2018-08-08 00:00:00-04:00,50.6629524230957
2018-08-09 00:00:00-04:00,50.849098205566406
2018-08-10 00:00:00-04:00,50.80863571166992
2018-08-13 00:00:00-04:00,50.97858810424805
2018-08-14 00:00:00-04:00,51.067604064941406
2018-08-15 00:00:00-04:00,51.4803581237793
2018-08-16 00:00:00-04:00,52.16017532348633
2018-08-17 00:00:00-04:00,52.411075592041016
2018-08-20 00:00:00-04:00,52.257293701171875
2018-08-21 00:00:00-04:00,51.9659423828125
2018-08-22 00:00:00-04:00,51.43989181518555
2018-08-23 00:00:00-04:00,51.51273727416992
2018-08-24 00:00:00-04:00,51.78790283203125
2018-08-27 00:00:00-04:00,51.2861213684082
2018-08-28 00:00:00-04:00,51.16472244262695
2018-08-29 00:00:00-04:00,51.35895538330078
2018-08-30 00:00:00-04:00,51.43180465698242
2018-08-31 00:00:00-04:00,51.172821044921875
2018-09-04 00:00:00-04:00,51.59366226196289
2018-09-05 00:00:00-04:00,52.56483840942383
2018-09-06 00:00:00-04:00,53.10708236694336
2018-09-07 00:00:00-04:00,52.880462646484375
2018-09-10 00:00:00-04:00,53.333683013916016
2018-09-11 00:00:00-04:00,53.25870132446289
2018-09-12 00:00:00-04:00,53.27500915527344
2018-09-13 00:00:00-04:00,53.552093505859375
2018-09-14 00:00:00-04:00,53.307613372802734
2018-09-17 00:00:00-04:00,53.16905212402344
2018-09-18 00:00:00-04:00,53.02235794067383
2018-09-19 00:00:00-04:00,52.08513641357422
2018-09-20 00:00:00-04:00,52.26443099975586
2018-09-21 00:00:00-04:00,52.500770568847656
2018-09-24 00:00:00-04:00,51.962894439697266
2018-09-25 00:00:00-04:00,51.35980987548828
2018-09-26 00:00:00-04:00,50.642635345458984
2018-09-27 00:00:00-04:00,50.993064880371094
2018-09-28 00:00:00-04:00,51.52280044555664
2018-10-01 00:00:00-04:00,51.57985305786133
2018-10-02 00:00:00-04:00,52.443729400634766
2018-10-03 00:00:00-04:00,51.90584945678711
2018-10-04 00:00:00-04:00,52.07699203491211
2018-10-05 00:00:00-04:00,53.05495834350586
2018-10-08 00:00:00-04:00,53.50319290161133
2018-10-09 00:00:00-04:00,54.05738067626953
2018-10-10 00:00:00-04:00,53.73953628540039
2018-10-11 00:00:00-04:00,52.191078186035156
2018-10-12 00:00:00-04:00,51.995487213134766
2018-10-15 00:00:00-04:00,52.01179504394531
2018-10-16 00:00:00-04:00,52.79417419433594
2018-10-17 00:00:00-04:00,52.77787780761719
2018-10-18 00:00:00-04:00,52.9245491027832
2018-10-19 00:00:00-04:00,53.829193115234375
2018-10-22 00:00:00-04:00,53.50319290161133
2018-10-23 00:00:00-04:00,53.372798919677734
2018-10-24 00:00:00-04:00,54.43226623535156
2018-10-25 00:00:00-04:00,53.53579330444336
2018-10-26 00:00:00-04:00,52.4844856262207
2018-10-29 00:00:00-04:00,53.13644790649414
2018-10-30 00:00:00-04:00,52.97346115112305
2018-10-31 00:00:00-04:00,52.63117599487305
2018-11-01 00:00:00-04:00,52.443729400634766
2018-11-02 00:00:00-04:00,51.84064865112305
2018-11-05 00:00:00-05:00,52.6882209777832
2018-11-06 00:00:00-05:00,53.030513763427734
2018-11-07 00:00:00-05:00,53.8210334777832
2018-11-08 00:00:00-05:00,54.03293228149414
2018-11-09 00:00:00-05:00,54.864219665527344
2018-11-12 00:00:00-05:00,55.73622131347656
2018-11-13 00:00:00-05:00,56.094810485839844
2018-11-14 00:00:00-05:00,56.021461486816406
2018-11-15 00:00:00-05:00,56.55120849609375
2018-11-16 00:00:00-05:00,56.477867126464844
2018-11-19 00:00:00-05:00,56.83645248413086
2018-11-20 00:00:00-05:00,56.233360290527344
2018-11-21 00:00:00-05:00,55.02720260620117
2018-11-23 00:00:00-05:00,55.21465301513672
2018-11-26 00:00:00-05:00,55.27170181274414
2018-11-27 00:00:00-05:00,55.97256851196289
2018-11-28 00:00:00-05:00,55.50804138183594
2018-11-29 00:00:00-05:00,55.27170181274414
2018-11-30 00:00:00-05:00,55.923675537109375
2018-12-03 00:00:00-05:00,56.88534164428711
2018-12-04 00:00:00-05:00,57.08094024658203
2018-12-06 00:00:00-05:00,57.17875671386719
2018-12-07 00:00:00-05:00,57.39064025878906
2018-12-10 00:00:00-05:00,57.62697219848633
2018-12-11 00:00:00-05:00,57.67208480834961
2018-12-12 00:00:00-05:00,57.30287551879883
2018-12-13 00:00:00-05:00,57.795169830322266
2018-12-14 00:00:00-05:00,57.27825164794922
2018-12-17 00:00:00-05:00,55.227054595947266
2018-12-18 00:00:00-05:00,55.28447723388672
2018-12-19 00:00:00-05:00,55.144989013671875
2018-12-20 00:00:00-05:00,54.9973030090332
2018-12-21 00:00:00-05:00,54.92347717285156
2018-12-24 00:00:00-05:00,51.887664794921875
2018-12-26 00:00:00-05:00,52.798404693603516
2018-12-27 00:00:00-05:00,53.57786178588867
2018-12-28 00:00:00-05:00,53.28248596191406
2018-12-31 00:00:00-05:00,53.52043914794922
2019-01-02 00:00:00-05:00,52.12560272216797
2019-01-03 00:00:00-05:00,52.25688934326172
2019-01-04 00:00:00-05:00,52.99531936645508
2019-01-07 00:00:00-05:00,52.388160705566406
2019-01-08 00:00:00-05:00,53.21684646606445
2019-01-09 00:00:00-05:00,52.823020935058594
2019-01-10 00:00:00-05:00,53.99631118774414
2019-01-11 00:00:00-05:00,53.782997131347656
2019-01-14 00:00:00-05:00,53.29890823364258
2019-01-15 00:00:00-05:00,54.185028076171875
2019-01-16 00:00:00-05:00,54.701934814453125
2019-01-17 00:00:00-05:00,55.02192306518555
2019-01-18 00:00:00-05:00,55.16960144042969
2019-01-22 00:00:00-05:00,55.448585510253906
2019-01-23 00:00:00-05:00,55.87523651123047
2019-01-24 00:00:00-05:00,56.408546447753906
2019-01-25 00:00:00-05:00,55.74395751953125
2019-01-28 00:00:00-05:00,55.51422119140625
2019-01-29 00:00:00-05:00,55.35832595825195
2019-01-30 00:00:00-05:00,55.74395751953125
2019-01-31 00:00:00-05:00,56.89263916015625
2019-02-01 00:00:00-05:00,56.49059295654297
2019-02-04 00:00:00-05:00,56.60546112060547
2019-02-05 00:00:00-05:00,56.482398986816406
2019-02-06 00:00:00-05:00,56.52341079711914
2019-02-07 00:00:00-05:00,57.20442581176758
2019-02-08 00:00:00-05:00,57.819793701171875
2019-02-11 00:00:00-05:00,58.05773162841797
2019-02-12 00:00:00-05:00,57.59005355834961
2019-02-13 00:00:00-05:00,57.48337936401367
2019-02-14 00:00:00-05:00,56.63828659057617
2019-02-15 00:00:00-05:00,57.171607971191406
2019-02-19 00:00:00-05:00,57.50800323486328
2019-02-20 00:00:00-05:00,57.76235580444336
2019-02-21 00:00:00-05:00,58.41874313354492
2019-02-22 00:00:00-05:00,59.22283172607422
2019-02-25 00:00:00-05:00,58.15618896484375
2019-02-26 00:00:00-05:00,57.61466979980469
2019-02-27 00:00:00-05:00,57.77878189086914
2019-02-28 00:00:00-05:00,58.45155715942383
2019-03-01 00:00:00-05:00,58.19721984863281
2019-03-04 00:00:00-05:00,58.500797271728516
2019-03-05 00:00:00-05:00,58.31208038330078
2019-03-06 00:00:00-05:00,58.31208038330078
2019-03-07 00:00:00-05:00,58.43516159057617
2019-03-08 00:00:00-05:00,58.82899856567383
2019-03-11 00:00:00-04:00,59.54282760620117
2019-03-12 00:00:00-04:00,59.769935607910156
2019-03-13 00:00:00-04:00,60.24070358276367
2019-03-14 00:00:00-04:00,59.96815490722656
2019-03-15 00:00:00-04:00,60.32328414916992
2019-03-18 00:00:00-04:00,59.88556671142578
2019-03-19 00:00:00-04:00,59.4643669128418
2019-03-20 00:00:00-04:00,59.65431594848633
2019-03-21 00:00:00-04:00,60.50498580932617
2019-03-22 00:00:00-04:00,60.9096794128418
2019-03-25 00:00:00-04:00,61.36392593383789
2019-03-26 00:00:00-04:00,61.735557556152344
2019-03-27 00:00:00-04:00,61.438232421875
2019-03-28 00:00:00-04:00,60.670162200927734
2019-03-29 00:00:00-04:00,60.744483947753906
2019-04-01 00:00:00-04:00,60.116817474365234
2019-04-02 00:00:00-04:00,59.92684555053711
2019-04-03 00:00:00-04:00,59.662574768066406
2019-04-04 00:00:00-04:00,59.1009635925293
2019-04-05 00:00:00-04:00,59.78645324707031
2019-04-08 00:00:00-04:00,59.191802978515625
2019-04-09 00:00:00-04:00,59.480873107910156
2019-04-10 00:00:00-04:00,59.0514030456543
2019-04-11 00:00:00-04:00,59.33220672607422
2019-04-12 00:00:00-04:00,59.44784164428711
2019-04-15 00:00:00-04:00,59.4891357421875
2019-04-16 00:00:00-04:00,58.51457214355469
2019-04-17 00:00:00-04:00,58.31634521484375
2019-04-18 00:00:00-04:00,58.209007263183594
2019-04-22 00:00:00-04:00,58.242042541503906
2019-04-23 00:00:00-04:00,58.76234817504883
2019-04-24 00:00:00-04:00,59.456092834472656
2019-04-25 00:00:00-04:00,59.67909240722656
2019-04-26 00:00:00-04:00,59.61302185058594
2019-04-29 00:00:00-04:00,58.935791015625
2019-04-30 00:00:00-04:00,60.100276947021484
2019-05-01 00:00:00-04:00,59.662574768066406
2019-05-02 00:00:00-04:00,59.74514389038086
2019-05-03 00:00:00-04:00,60.248966217041016
2019-05-06 00:00:00-04:00,60.08378219604492
2019-05-07 00:00:00-04:00,60.04247283935547
2019-05-08 00:00:00-04:00,58.935791015625
2019-05-09 00:00:00-04:00,59.38176345825195
2019-05-10 00:00:00-04:00,60.529754638671875
2019-05-13 00:00:00-04:00,61.6116828918457
2019-05-14 00:00:00-04:00,60.99225997924805
2019-05-15 00:00:00-04:00,60.88490295410156
2019-05-16 00:00:00-04:00,61.314369201660156
2019-05-17 00:00:00-04:00,61.70250701904297
2019-05-20 00:00:00-04:00,61.685997009277344
2019-05-21 00:00:00-04:00,61.35565185546875
2019-05-22 00:00:00-04:00,61.83468246459961
2019-05-23 00:00:00-04:00,62.52841567993164
2019-05-24 00:00:00-04:00,62.25586700439453
2019-05-28 00:00:00-04:00,61.38042449951172
2019-05-29 00:00:00-04:00,60.447174072265625
2019-05-30 00:00:00-04:00,60.22417068481445
2019-05-31 00:00:00-04:00,60.571044921875
2019-06-03 00:00:00-04:00,61.51258087158203
2019-06-04 00:00:00-04:00,61.48778533935547
2019-06-05 00:00:00-04:00,62.8835563659668
2019-06-06 00:00:00-04:00,63.20566177368164
2019-06-07 00:00:00-04:00,62.66881561279297
2019-06-10 00:00:00-04:00,62.701839447021484
2019-06-11 00:00:00-04:00,62.27385330200195
2019-06-12 00:00:00-04:00,63.362571716308594
2019-06-13 00:00:00-04:00,63.33763122558594
2019-06-14 00:00:00-04:00,63.75320053100586
2019-06-17 00:00:00-04:00,63.3293342590332
2019-06-18 00:00:00-04:00,63.520477294921875
2019-06-19 00:00:00-04:00,63.911094665527344
2019-06-20 00:00:00-04:00,64.29341125488281
2019-06-21 00:00:00-04:00,64.3681869506836
2019-06-24 00:00:00-04:00,63.911094665527344
2019-06-25 00:00:00-04:00,63.645137786865234
2019-06-26 00:00:00-04:00,62.10761642456055
2019-06-27 00:00:00-04:00,62.04113006591797
2019-06-28 00:00:00-04:00,62.42342758178711
2019-07-01 00:00:00-04:00,62.50655746459961
2019-07-02 00:00:00-04:00,63.07999801635742
2019-07-03 00:00:00-04:00,63.595279693603516
2019-07-05 00:00:00-04:00,63.537105560302734
2019-07-08 00:00:00-04:00,63.55372619628906
2019-07-09 00:00:00-04:00,63.67008590698242
2019-07-10 00:00:00-04:00,63.70333480834961
2019-07-11 00:00:00-04:00,63.728267669677734
2019-07-12 00:00:00-04:00,63.29609680175781
2019-07-15 00:00:00-04:00,63.40412139892578
2019-07-16 00:00:00-04:00,63.35426330566406
2019-07-17 00:00:00-04:00,63.778106689453125
2019-07-18 00:00:00-04:00,64.127197265625
2019-07-19 00:00:00-04:00,63.146488189697266
2019-07-22 00:00:00-04:00,63.39581298828125
2019-07-23 00:00:00-04:00,63.35426330566406
2019-07-24 00:00:00-04:00,63.520477294921875
2019-07-25 00:00:00-04:00,63.370906829833984
2019-07-26 00:00:00-04:00,63.653472900390625
2019-07-29 00:00:00-04:00,63.869564056396484
2019-07-30 00:00:00-04:00,63.33763122558594
2019-07-31 00:00:00-04:00,62.90547561645508
2019-08-01 00:00:00-04:00,63.69502639770508
2019-08-02 00:00:00-04:00,62.94704055786133
2019-08-05 00:00:00-04:00,62.37356948852539
2019-08-06 00:00:00-04:00,62.33202362060547
2019-08-07 00:00:00-04:00,62.514854431152344
2019-08-08 00:00:00-04:00,63.42906188964844
2019-08-09 00:00:00-04:00,63.73656463623047
2019-08-12 00:00:00-04:00,63.69502639770508
2019-08-13 00:00:00-04:00,63.58695602416992
2019-08-14 00:00:00-04:00,62.539817810058594
2019-08-15 00:00:00-04:00,63.005226135253906
2019-08-16 00:00:00-04:00,63.69502639770508
2019-08-19 00:00:00-04:00,63.96928405761719
2019-08-20 00:00:00-04:00,63.71162414550781
2019-08-21 00:00:00-04:00,63.9277229309082
2019-08-22 00:00:00-04:00,63.8446159362793
2019-08-23 00:00:00-04:00,62.606292724609375
2019-08-26 00:00:00-04:00,63.038455963134766
2019-08-27 00:00:00-04:00,62.95534133911133
2019-08-28 00:00:00-04:00,62.95534133911133
2019-08-29 00:00:00-04:00,64.1188735961914
2019-08-30 00:00:00-04:00,64.1188735961914
2019-09-03 00:00:00-04:00,65.23255157470703
2019-09-04 00:00:00-04:00,65.23255157470703
2019-09-05 00:00:00-04:00,64.1105728149414
2019-09-06 00:00:00-04:00,63.32102966308594
2019-09-09 00:00:00-04:00,62.48161697387695
2019-09-10 00:00:00-04:00,62.06761932373047
2019-09-11 00:00:00-04:00,62.53599166870117
2019-09-12 00:00:00-04:00,63.98290252685547
2019-09-13 00:00:00-04:00,64.06656646728516
2019-09-16 00:00:00-04:00,64.54328155517578
2019-09-17 00:00:00-04:00,64.8527603149414
2019-09-18 00:00:00-04:00,65.6389389038086
2019-09-19 00:00:00-04:00,65.78952026367188
2019-09-20 00:00:00-04:00,66.10730743408203
2019-09-23 00:00:00-04:00,66.04875946044922
2019-09-24 00:00:00-04:00,66.54222869873047
2019-09-25 00:00:00-04:00,67.12770080566406
2019-09-26 00:00:00-04:00,67.22806549072266
2019-09-27 00:00:00-04:00,66.91024780273438
2019-09-30 00:00:00-04:00,66.95206451416016
2019-10-01 00:00:00-04:00,66.6258773803711
2019-10-02 00:00:00-04:00,65.86476135253906
2019-10-03 00:00:00-04:00,65.65568542480469
2019-10-04 00:00:00-04:00,66.51713562011719
2019-10-07 00:00:00-04:00,66.02368927001953
2019-10-08 00:00:00-04:00,64.75238037109375
2019-10-09 00:00:00-04:00,64.68547058105469
2019-10-10 00:00:00-04:00,64.2756576538086
2019-10-11 00:00:00-04:00,64.44293212890625
2019-10-14 00:00:00-04:00,63.80727005004883
2019-10-15 00:00:00-04:00,63.3974609375
2019-10-16 00:00:00-04:00,63.33055114746094
2019-10-17 00:00:00-04:00,63.3974609375
2019-10-18 00:00:00-04:00,64.08328247070312
2019-10-21 00:00:00-04:00,64.11672973632812
2019-10-22 00:00:00-04:00,64.44293212890625
2019-10-23 00:00:00-04:00,64.45130157470703
2019-10-24 00:00:00-04:00,64.81092071533203
2019-10-25 00:00:00-04:00,64.05819702148438
2019-10-28 00:00:00-04:00,63.43088150024414
2019-10-29 00:00:00-04:00,63.96620178222656
2019-10-30 00:00:00-04:00,64.88621520996094
2019-10-31 00:00:00-04:00,64.98655700683594
2019-11-01 00:00:00-04:00,64.70221710205078
2019-11-04 00:00:00-05:00,63.6400032043457
2019-11-05 00:00:00-05:00,62.694881439208984
2019-11-06 00:00:00-05:00,63.19671630859375
2019-11-07 00:00:00-05:00,62.418880462646484
2019-11-08 00:00:00-05:00,61.733062744140625
2019-11-11 00:00:00-05:00,61.96723556518555
2019-11-12 00:00:00-05:00,62.05924606323242
2019-11-13 00:00:00-05:00,63.21344757080078
2019-11-14 00:00:00-05:00,64.00801086425781
2019-11-15 00:00:00-05:00,64.08328247070312
2019-11-18 00:00:00-05:00,63.33892059326172
2019-11-19 00:00:00-05:00,63.10472106933594
2019-11-20 00:00:00-05:00,63.12144088745117
2019-11-21 00:00:00-05:00,62.88724899291992
2019-11-22 00:00:00-05:00,62.6865234375
2019-11-25 00:00:00-05:00,62.03415298461914
2019-11-26 00:00:00-05:00,62.00068283081055
2019-11-27 00:00:00-05:00,62.04253005981445
2019-11-29 00:00:00-05:00,62.167964935302734
2019-12-02 00:00:00-05:00,61.62431716918945
2019-12-03 00:00:00-05:00,61.733062744140625
2019-12-04 00:00:00-05:00,62.19305419921875
2019-12-05 00:00:00-05:00,62.80362319946289
2019-12-06 00:00:00-05:00,62.88724899291992
2019-12-09 00:00:00-05:00,62.6865234375
2019-12-10 00:00:00-05:00,62.80018997192383
2019-12-11 00:00:00-05:00,63.10327911376953
2019-12-12 00:00:00-05:00,62.901214599609375
2019-12-13 00:00:00-05:00,63.1622314453125
2019-12-16 00:00:00-05:00,63.785274505615234
2019-12-17 00:00:00-05:00,63.658958435058594
2019-12-18 00:00:00-05:00,64.0125961303711
2019-12-19 00:00:00-05:00,63.52425765991211
2019-12-20 00:00:00-05:00,64.46723937988281
2019-12-23 00:00:00-05:00,63.68422317504883
2019-12-24 00:00:00-05:00,63.77684783935547
2019-12-26 00:00:00-05:00,63.68422317504883
2019-12-27 00:00:00-05:00,64.23990631103516
2019-12-30 00:00:00-05:00,64.45880889892578
2019-12-31 00:00:00-05:00,64.660888671875
2020-01-02 00:00:00-05:00,64.02942657470703
2020-01-03 00:00:00-05:00,64.05470275878906
2020-01-06 00:00:00-05:00,64.11363220214844
2020-01-07 00:00:00-05:00,64.34934997558594
2020-01-08 00:00:00-05:00,64.23990631103516
2020-01-09 00:00:00-05:00,64.48406982421875
2020-01-10 00:00:00-05:00,64.83768463134766
2020-01-13 00:00:00-05:00,65.35968017578125
2020-01-14 00:00:00-05:00,65.34284210205078
2020-01-15 00:00:00-05:00,65.839599609375
2020-01-16 00:00:00-05:00,66.68994903564453
2020-01-17 00:00:00-05:00,67.14459228515625
2020-01-21 00:00:00-05:00,67.38034057617188
2020-01-22 00:00:00-05:00,67.2793197631836
2020-01-23 00:00:00-05:00,67.60767364501953
2020-01-24 00:00:00-05:00,67.68342590332031
2020-01-27 00:00:00-05:00,67.44770050048828
2020-01-28 00:00:00-05:00,67.6244888305664
2020-01-29 00:00:00-05:00,68.2138442993164
2020-01-30 00:00:00-05:00,68.95478057861328
2020-01-31 00:00:00-05:00,69.08104705810547
2020-02-03 00:00:00-05:00,69.56937408447266
2020-02-04 00:00:00-05:00,69.26627349853516
2020-02-05 00:00:00-05:00,69.61149597167969
2020-02-06 00:00:00-05:00,70.0240249633789
2020-02-07 00:00:00-05:00,70.38605499267578
2020-02-10 00:00:00-05:00,70.70600891113281
2020-02-11 00:00:00-05:00,70.95015716552734
2020-02-12 00:00:00-05:00,71.2027359008789
2020-02-13 00:00:00-05:00,72.19624328613281
2020-02-14 00:00:00-05:00,73.07184600830078
2020-02-18 00:00:00-05:00,73.03816986083984
2020-02-19 00:00:00-05:00,72.30567932128906
2020-02-20 00:00:00-05:00,72.1204605102539
2020-02-21 00:00:00-05:00,71.85102844238281
2020-02-24 00:00:00-05:00,71.41321563720703
2020-02-25 00:00:00-05:00,70.35238647460938
2020-02-26 00:00:00-05:00,71.7415771484375
2020-02-27 00:00:00-05:00,68.67692565917969
2020-02-28 00:00:00-05:00,66.51313018798828
2020-03-02 00:00:00-05:00,71.07646179199219
2020-03-03 00:00:00-05:00,70.01560974121094
2020-03-04 00:00:00-05:00,73.30758666992188
2020-03-05 00:00:00-05:00,72.44880676269531
2020-03-06 00:00:00-05:00,71.85943603515625
2020-03-09 00:00:00-04:00,68.70217895507812
2020-03-10 00:00:00-04:00,69.96009826660156
2020-03-11 00:00:00-04:00,68.50313568115234
2020-03-12 00:00:00-04:00,61.32839584350586
2020-03-13 00:00:00-04:00,64.50492095947266
2020-03-16 00:00:00-04:00,55.86471939086914
2020-03-17 00:00:00-04:00,65.80941009521484
2020-03-18 00:00:00-04:00,64.50492095947266
2020-03-19 00:00:00-04:00,60.887882232666016
2020-03-20 00:00:00-04:00,53.30656433105469
2020-03-23 00:00:00-04:00,51.98512268066406
2020-03-24 00:00:00-04:00,55.305667877197266
2020-03-25 00:00:00-04:00,57.21159362792969
2020-03-26 00:00:00-04:00,61.65874099731445
2020-03-27 00:00:00-04:00,62.88700485229492
2020-03-30 00:00:00-04:00,66.21600341796875
2020-03-31 00:00:00-04:00,61.692626953125
2020-04-01 00:00:00-04:00,57.372535705566406
2020-04-02 00:00:00-04:00,60.71001052856445
2020-04-03 00:00:00-04:00,58.23654556274414
2020-04-06 00:00:00-04:00,62.92935562133789
2020-04-07 00:00:00-04:00,60.591426849365234
2020-04-08 00:00:00-04:00,64.38633728027344
2020-04-09 00:00:00-04:00,66.91907501220703
2020-04-13 00:00:00-04:00,64.22539520263672
2020-04-14 00:00:00-04:00,65.3689193725586
2020-04-15 00:00:00-04:00,63.95433044433594
2020-04-16 00:00:00-04:00,65.44515991210938
2020-04-17 00:00:00-04:00,65.92802429199219
2020-04-20 00:00:00-04:00,62.039913177490234
2020-04-21 00:00:00-04:00,62.70064163208008
2020-04-22 00:00:00-04:00,65.03856658935547
2020-04-23 00:00:00-04:00,62.84465026855469
2020-04-24 00:00:00-04:00,62.378753662109375
2020-04-27 00:00:00-04:00,62.192386627197266
2020-04-28 00:00:00-04:00,62.895484924316406
2020-04-29 00:00:00-04:00,63.208885192871094
2020-04-30 00:00:00-04:00,61.624847412109375
2020-05-01 00:00:00-04:00,60.523658752441406
2020-05-04 00:00:00-04:00,60.51518630981445
2020-05-05 00:00:00-04:00,61.11661911010742
2020-05-06 00:00:00-04:00,59.15985870361328
2020-05-07 00:00:00-04:00,58.99892044067383
2020-05-08 00:00:00-04:00,60.023887634277344
2020-05-11 00:00:00-04:00,59.99845504760742
2020-05-12 00:00:00-04:00,58.42290115356445
2020-05-13 00:00:00-04:00,57.897708892822266
2020-05-14 00:00:00-04:00,58.21113586425781
2020-05-15 00:00:00-04:00,58.24502944946289
2020-05-18 00:00:00-04:00,61.184383392333984
2020-05-19 00:00:00-04:00,59.84599304199219
2020-05-20 00:00:00-04:00,59.57490921020508
2020-05-21 00:00:00-04:00,58.702449798583984
2020-05-22 00:00:00-04:00,59.142906188964844
2020-05-26 00:00:00-04:00,59.939178466796875
2020-05-27 00:00:00-04:00,59.72739791870117
2020-05-28 00:00:00-04:00,62.63285827636719
2020-05-29 00:00:00-04:00,63.30204772949219
2020-06-01 00:00:00-04:00,62.997108459472656
2020-06-02 00:00:00-04:00,63.45454788208008
2020-06-03 00:00:00-04:00,64.44562530517578
2020-06-04 00:00:00-04:00,62.675235748291016
2020-06-05 00:00:00-04:00,64.02210235595703
2020-06-08 00:00:00-04:00,65.41128540039062
2020-06-09 00:00:00-04:00,64.17082977294922
2020-06-10 00:00:00-04:00,63.821292877197266
2020-06-11 00:00:00-04:00,61.24660873413086
2020-06-12 00:00:00-04:00,61.16989517211914
2020-06-15 00:00:00-04:00,61.67288589477539
2020-06-16 00:00:00-04:00,61.851924896240234
2020-06-17 00:00:00-04:00,61.77519607543945
2020-06-18 00:00:00-04:00,61.77519607543945
2020-06-19 00:00:00-04:00,59.50742721557617
2020-06-22 00:00:00-04:00,60.20651626586914
2020-06-23 00:00:00-04:00,59.677955627441406
2020-06-24 00:00:00-04:00,59.217559814453125
2020-06-25 00:00:00-04:00,58.663421630859375
2020-06-26 00:00:00-04:00,58.74015426635742
2020-06-29 00:00:00-04:00,59.44777297973633
2020-06-30 00:00:00-04:00,59.98484802246094
2020-07-01 00:00:00-04:00,61.80078887939453
2020-07-02 00:00:00-04:00,62.43165969848633
2020-07-06 00:00:00-04:00,62.52544021606445
2020-07-07 00:00:00-04:00,62.52544021606445
2020-07-08 00:00:00-04:00,63.03695297241211
2020-07-09 00:00:00-04:00,62.78971862792969
2020-07-10 00:00:00-04:00,63.548500061035156
2020-07-13 00:00:00-04:00,64.41806030273438
2020-07-14 00:00:00-04:00,65.27915954589844
2020-07-15 00:00:00-04:00,64.73353576660156
2020-07-16 00:00:00-04:00,65.46670532226562
2020-07-17 00:00:00-04:00,67.12915802001953
2020-07-20 00:00:00-04:00,66.31925964355469
2020-07-21 00:00:00-04:00,66.49828338623047
2020-07-22 00:00:00-04:00,68.38240814208984
2020-07-23 00:00:00-04:00,68.64667510986328
2020-07-24 00:00:00-04:00,67.79414367675781
2020-07-27 00:00:00-04:00,67.35935974121094
2020-07-28 00:00:00-04:00,67.92201232910156
2020-07-29 00:00:00-04:00,68.33124542236328
2020-07-30 00:00:00-04:00,67.81971740722656
2020-07-31 00:00:00-04:00,68.40796661376953
2020-08-03 00:00:00-04:00,67.58953094482422
2020-08-04 00:00:00-04:00,70.07044219970703
2020-08-05 00:00:00-04:00,68.58700561523438
2020-08-06 00:00:00-04:00,69.10706329345703
2020-08-07 00:00:00-04:00,70.06190490722656
2020-08-10 00:00:00-04:00,70.97412872314453
2020-08-11 00:00:00-04:00,69.19231414794922
2020-08-12 00:00:00-04:00,69.89140319824219
2020-08-13 00:00:00-04:00,69.37136840820312
2020-08-14 00:00:00-04:00,69.28607177734375
2020-08-17 00:00:00-04:00,69.4225082397461
2020-08-18 00:00:00-04:00,69.20935821533203
2020-08-19 00:00:00-04:00,69.18380737304688
2020-08-20 00:00:00-04:00,68.60406494140625
2020-08-21 00:00:00-04:00,68.81720733642578
2020-08-24 00:00:00-04:00,69.26904296875
2020-08-25 00:00:00-04:00,67.86236572265625
2020-08-26 00:00:00-04:00,66.87339782714844
2020-08-27 00:00:00-04:00,67.29115295410156
2020-08-28 00:00:00-04:00,67.06097412109375
2020-08-31 00:00:00-04:00,67.44461822509766
2020-09-01 00:00:00-04:00,66.90750122070312
2020-09-02 00:00:00-04:00,68.39945220947266
2020-09-03 00:00:00-04:00,67.43610382080078
2020-09-04 00:00:00-04:00,67.31672668457031
2020-09-08 00:00:00-04:00,66.40303802490234
2020-09-09 00:00:00-04:00,67.24378967285156
2020-09-10 00:00:00-04:00,65.59660339355469
2020-09-11 00:00:00-04:00,65.71672058105469
2020-09-14 00:00:00-04:00,66.04270935058594
2020-09-15 00:00:00-04:00,66.48882293701172
2020-09-16 00:00:00-04:00,66.86630249023438
2020-09-17 00:00:00-04:00,66.5917739868164
2020-09-18 00:00:00-04:00,65.93977355957031
2020-09-21 00:00:00-04:00,65.73387145996094
2020-09-22 00:00:00-04:00,66.11136627197266
2020-09-23 00:00:00-04:00,64.86736297607422
2020-09-24 00:00:00-04:00,65.802490234375
2020-09-25 00:00:00-04:00,67.09796142578125
2020-09-28 00:00:00-04:00,67.27812194824219
2020-09-29 00:00:00-04:00,67.7928695678711
2020-09-30 00:00:00-04:00,67.84437561035156
2020-10-01 00:00:00-04:00,68.51351928710938
2020-10-02 00:00:00-04:00,68.47062683105469
2020-10-05 00:00:00-04:00,69.25133514404297
2020-10-06 00:00:00-04:00,69.7489242553711
2020-10-07 00:00:00-04:00,69.22560119628906
2020-10-08 00:00:00-04:00,70.11784362792969
2020-10-09 00:00:00-04:00,70.3923568725586
2020-10-12 00:00:00-04:00,70.81273651123047
2020-10-13 00:00:00-04:00,69.62024688720703
2020-10-14 00:00:00-04:00,69.79182434082031
2020-10-15 00:00:00-04:00,69.62024688720703
2020-10-16 00:00:00-04:00,70.68406677246094
2020-10-19 00:00:00-04:00,70.0406265258789
2020-10-20 00:00:00-04:00,70.4695816040039
2020-10-21 00:00:00-04:00,70.59825134277344
2020-10-22 00:00:00-04:00,71.2331314086914
2020-10-23 00:00:00-04:00,71.54196166992188
2020-10-26 00:00:00-04:00,72.11677551269531
2020-10-27 00:00:00-04:00,72.22833251953125
2020-10-28 00:00:00-04:00,69.80899810791016
2020-10-29 00:00:00-04:00,69.78323364257812
2020-10-30 00:00:00-04:00,69.59449768066406
2020-11-02 00:00:00-05:00,71.3875503540039
2020-11-03 00:00:00-05:00,72.33984375
2020-11-04 00:00:00-05:00,71.59346008300781
2020-11-05 00:00:00-05:00,70.75269317626953
2020-11-06 00:00:00-05:00,70.22076416015625
2020-11-09 00:00:00-05:00,71.24170684814453
2020-11-10 00:00:00-05:00,70.74411010742188
2020-11-11 00:00:00-05:00,70.66690063476562
2020-11-12 00:00:00-05:00,69.78323364257812
2020-11-13 00:00:00-05:00,70.4524154663086
2020-11-16 00:00:00-05:00,72.3484115600586
2020-11-17 00:00:00-05:00,69.14837646484375
2020-11-18 00:00:00-05:00,67.82720184326172
2020-11-19 00:00:00-05:00,67.21805572509766
2020-11-20 00:00:00-05:00,67.30382537841797
2020-11-23 00:00:00-05:00,68.03307342529297
2020-11-24 00:00:00-05:00,67.83574676513672
2020-11-25 00:00:00-05:00,69.13121032714844
2020-11-27 00:00:00-05:00,67.76712036132812
2020-11-30 00:00:00-05:00,66.72906494140625
2020-12-01 00:00:00-05:00,67.35533142089844
2020-12-02 00:00:00-05:00,67.33816528320312
2020-12-03 00:00:00-05:00,66.840576171875
2020-12-04 00:00:00-05:00,66.12850952148438
2020-12-07 00:00:00-05:00,67.08937072753906
2020-12-08 00:00:00-05:00,66.72232818603516
2020-12-09 00:00:00-05:00,67.18869018554688
2020-12-10 00:00:00-05:00,66.79141998291016
2020-12-11 00:00:00-05:00,66.90369415283203
2020-12-14 00:00:00-05:00,66.70506286621094
2020-12-15 00:00:00-05:00,67.9918212890625
2020-12-16 00:00:00-05:00,67.36139678955078
2020-12-17 00:00:00-05:00,68.00045776367188
2020-12-18 00:00:00-05:00,68.10411834716797
2020-12-21 00:00:00-05:00,66.56689453125
2020-12-22 00:00:00-05:00,66.10917663574219
2020-12-23 00:00:00-05:00,65.39240264892578
2020-12-24 00:00:00-05:00,66.04008483886719
2020-12-28 00:00:00-05:00,66.28189086914062
2020-12-29 00:00:00-05:00,66.12644958496094
2020-12-30 00:00:00-05:00,66.47188568115234
2020-12-31 00:00:00-05:00,67.41322326660156
2021-01-04 00:00:00-05:00,65.74645233154297
2021-01-05 00:00:00-05:00,65.42692565917969
2021-01-06 00:00:00-05:00,65.97099304199219
2021-01-07 00:00:00-05:00,64.11425018310547
2021-01-08 00:00:00-05:00,64.77059936523438
2021-01-11 00:00:00-05:00,64.80513000488281
2021-01-12 00:00:00-05:00,64.11425018310547
2021-01-13 00:00:00-05:00,65.20238494873047
2021-01-14 00:00:00-05:00,63.89833450317383
2021-01-15 00:00:00-05:00,64.24378204345703
2021-01-19 00:00:00-05:00,63.034725189208984
2021-01-20 00:00:00-05:00,62.6461181640625
2021-01-21 00:00:00-05:00,61.95522689819336
2021-01-22 00:00:00-05:00,62.93972396850586
2021-01-25 00:00:00-05:00,64.83967590332031
2021-01-26 00:00:00-05:00,64.95193481445312
2021-01-27 00:00:00-05:00,64.84830474853516
2021-01-28 00:00:00-05:00,63.82925033569336
2021-01-29 00:00:00-05:00,62.80156326293945
2021-02-01 00:00:00-05:00,62.90519332885742
2021-02-02 00:00:00-05:00,62.84473419189453
2021-02-03 00:00:00-05:00,62.81883239746094
2021-02-04 00:00:00-05:00,63.84652328491211
2021-02-05 00:00:00-05:00,64.07969665527344
2021-02-08 00:00:00-05:00,62.68927764892578
2021-02-09 00:00:00-05:00,63.267921447753906
2021-02-10 00:00:00-05:00,63.423336029052734
2021-02-11 00:00:00-05:00,62.663387298583984
2021-02-12 00:00:00-05:00,63.28517150878906
2021-02-16 00:00:00-05:00,62.749732971191406
2021-02-17 00:00:00-05:00,63.302467346191406
2021-02-18 00:00:00-05:00,63.98469924926758
2021-02-19 00:00:00-05:00,62.46474075317383
2021-02-22 00:00:00-05:00,61.31614303588867
2021-02-23 00:00:00-05:00,62.05886459350586
2021-02-24 00:00:00-05:00,61.661590576171875
2021-02-25 00:00:00-05:00,61.670230865478516
2021-02-26 00:00:00-05:00,60.68571853637695
2021-03-01 00:00:00-05:00,61.739315032958984
2021-03-02 00:00:00-05:00,62.10203170776367
2021-03-03 00:00:00-05:00,61.42841720581055
2021-03-04 00:00:00-05:00,61.471614837646484
2021-03-05 00:00:00-05:00,62.92246627807617
2021-03-08 00:00:00-05:00,64.07106018066406
2021-03-09 00:00:00-05:00,65.01073455810547
2021-03-10 00:00:00-05:00,66.28971862792969
2021-03-11 00:00:00-05:00,66.18529510498047
2021-03-12 00:00:00-05:00,67.2554702758789
2021-03-15 00:00:00-04:00,68.57796478271484
2021-03-16 00:00:00-04:00,68.29084014892578
2021-03-17 00:00:00-04:00,67.96021270751953
2021-03-18 00:00:00-04:00,68.33433532714844
2021-03-19 00:00:00-04:00,68.56056213378906
2021-03-22 00:00:00-04:00,67.8384017944336
2021-03-23 00:00:00-04:00,69.58723449707031
2021-03-24 00:00:00-04:00,70.46598815917969
2021-03-25 00:00:00-04:00,70.9880142211914
2021-03-26 00:00:00-04:00,70.87491607666016
2021-03-29 00:00:00-04:00,71.92769622802734
2021-03-30 00:00:00-04:00,70.76180267333984
2021-03-31 00:00:00-04:00,70.78792572021484
2021-04-01 00:00:00-04:00,70.50078582763672
2021-04-05 00:00:00-04:00,70.9010009765625
2021-04-06 00:00:00-04:00,70.90971374511719
2021-04-07 00:00:00-04:00,70.73570251464844
2021-04-08 00:00:00-04:00,70.57039642333984
2021-04-09 00:00:00-04:00,70.06575012207031
2021-04-12 00:00:00-04:00,70.23107147216797
2021-04-13 00:00:00-04:00,71.58834838867188
2021-04-14 00:00:00-04:00,71.8841781616211
2021-04-15 00:00:00-04:00,72.71944427490234
2021-04-16 00:00:00-04:00,73.29367065429688
2021-04-19 00:00:00-04:00,72.90213775634766
2021-04-20 00:00:00-04:00,74.72925567626953
2021-04-21 00:00:00-04:00,74.02452087402344
2021-04-22 00:00:00-04:00,73.78961944580078
2021-04-23 00:00:00-04:00,73.76351165771484
2021-04-26 00:00:00-04:00,73.2588882446289
2021-04-27 00:00:00-04:00,72.6063232421875
2021-04-28 00:00:00-04:00,72.78033447265625
2021-04-29 00:00:00-04:00,73.20667266845703
2021-04-30 00:00:00-04:00,73.8156967163086
2021-05-03 00:00:00-04:00,74.09413146972656
2021-05-04 00:00:00-04:00,74.12023162841797
2021-05-05 00:00:00-04:00,73.38938903808594
2021-05-06 00:00:00-04:00,74.0854263305664
2021-05-07 00:00:00-04:00,73.9375228881836
2021-05-10 00:00:00-04:00,74.68575286865234
2021-05-11 00:00:00-04:00,72.55410766601562
2021-05-12 00:00:00-04:00,71.71887969970703
2021-05-13 00:00:00-04:00,72.65855407714844
2021-05-14 00:00:00-04:00,72.82384490966797
2021-05-17 00:00:00-04:00,72.56282806396484
2021-05-18 00:00:00-04:00,73.02396392822266
2021-05-19 00:00:00-04:00,73.267578125
2021-05-20 00:00:00-04:00,73.5198745727539
2021-05-21 00:00:00-04:00,74.05062866210938
2021-05-24 00:00:00-04:00,73.65909576416016
2021-05-25 00:00:00-04:00,72.84123992919922
2021-05-26 00:00:00-04:00,73.03267669677734
2021-05-27 00:00:00-04:00,72.79774475097656
2021-05-28 00:00:00-04:00,73.2588882446289
2021-06-01 00:00:00-04:00,73.24147033691406
2021-06-02 00:00:00-04:00,74.14635467529297
2021-06-03 00:00:00-04:00,74.442138671875
2021-06-04 00:00:00-04:00,74.9380874633789
2021-06-07 00:00:00-04:00,74.9380874633789
2021-06-08 00:00:00-04:00,74.21129608154297
2021-06-09 00:00:00-04:00,74.74542999267578
2021-06-10 00:00:00-04:00,75.17449951171875
2021-06-11 00:00:00-04:00,75.12196350097656
2021-06-14 00:00:00-04:00,75.16574096679688
2021-06-15 00:00:00-04:00,75.42845153808594
2021-06-16 00:00:00-04:00,73.47575378417969
2021-06-17 00:00:00-04:00,73.9836196899414
2021-06-18 00:00:00-04:00,71.89958953857422
2021-06-21 00:00:00-04:00,73.02039337158203
2021-06-22 00:00:00-04:00,72.25859069824219
2021-06-23 00:00:00-04:00,71.53181457519531
2021-06-24 00:00:00-04:00,71.14651489257812
2021-06-25 00:00:00-04:00,71.57557678222656
2021-06-28 00:00:00-04:00,71.73320770263672
2021-06-29 00:00:00-04:00,69.9731674194336
2021-06-30 00:00:00-04:00,70.08698272705078
2021-07-01 00:00:00-04:00,70.66490936279297
2021-07-02 00:00:00-04:00,70.66490936279297
2021-07-06 00:00:00-04:00,71.27786254882812
2021-07-07 00:00:00-04:00,72.08346557617188
2021-07-08 00:00:00-04:00,71.85578155517578
2021-07-09 00:00:00-04:00,71.73320770263672
2021-07-12 00:00:00-04:00,72.57381439208984
2021-07-13 00:00:00-04:00,72.35491943359375
2021-07-14 00:00:00-04:00,72.87153625488281
2021-07-15 00:00:00-04:00,73.61585235595703
2021-07-16 00:00:00-04:00,74.48274230957031
2021-07-19 00:00:00-04:00,73.53704833984375
2021-07-20 00:00:00-04:00,73.53704833984375
2021-07-21 00:00:00-04:00,72.06595611572266
2021-07-22 00:00:00-04:00,72.23233032226562
2021-07-23 00:00:00-04:00,73.02039337158203
2021-07-26 00:00:00-04:00,72.89781188964844
2021-07-27 00:00:00-04:00,74.42145538330078
2021-07-28 00:00:00-04:00,73.72093963623047
2021-07-29 00:00:00-04:00,73.7909927368164
2021-07-30 00:00:00-04:00,73.4845199584961
2021-08-02 00:00:00-04:00,74.26383209228516
2021-08-03 00:00:00-04:00,74.96434020996094
2021-08-04 00:00:00-04:00,74.64911651611328
2021-08-05 00:00:00-04:00,75.41969299316406
2021-08-06 00:00:00-04:00,76.05891418457031
2021-08-09 00:00:00-04:00,76.80321502685547
2021-08-10 00:00:00-04:00,76.77693939208984
2021-08-11 00:00:00-04:00,77.19727325439453
2021-08-12 00:00:00-04:00,76.98709869384766
2021-08-13 00:00:00-04:00,77.79269409179688
2021-08-16 00:00:00-04:00,78.46694946289062
2021-08-17 00:00:00-04:00,78.79094696044922
2021-08-18 00:00:00-04:00,78.17799377441406
2021-08-19 00:00:00-04:00,78.43193817138672
2021-08-20 00:00:00-04:00,78.44943237304688
2021-08-23 00:00:00-04:00,76.66310119628906
2021-08-24 00:00:00-04:00,76.3041000366211
2021-08-25 00:00:00-04:00,76.47920989990234
2021-08-26 00:00:00-04:00,76.72441101074219
2021-08-27 00:00:00-04:00,77.0746841430664
2021-08-30 00:00:00-04:00,77.48621368408203
2021-08-31 00:00:00-04:00,76.81195831298828
2021-09-01 00:00:00-04:00,77.72266387939453
2021-09-02 00:00:00-04:00,77.91529846191406
2021-09-03 00:00:00-04:00,77.1534652709961
2021-09-07 00:00:00-04:00,75.90225219726562
2021-09-08 00:00:00-04:00,77.9200668334961
2021-09-09 00:00:00-04:00,77.43543243408203
2021-09-10 00:00:00-04:00,76.66883850097656
2021-09-13 00:00:00-04:00,75.8581771850586
2021-09-14 00:00:00-04:00,75.71720886230469
2021-09-15 00:00:00-04:00,75.19732666015625
2021-09-16 00:00:00-04:00,74.9417953491211
2021-09-17 00:00:00-04:00,73.66411590576172
2021-09-20 00:00:00-04:00,73.52313232421875
2021-09-21 00:00:00-04:00,73.06494903564453
2021-09-22 00:00:00-04:00,73.63770294189453
2021-09-23 00:00:00-04:00,73.40857696533203
2021-09-24 00:00:00-04:00,73.63770294189453
2021-09-27 00:00:00-04:00,72.43051147460938
2021-09-28 00:00:00-04:00,71.74322509765625
2021-09-29 00:00:00-04:00,72.55388641357422
2021-09-30 00:00:00-04:00,71.37312316894531
2021-10-01 00:00:00-04:00,71.02950286865234
2021-10-04 00:00:00-04:00,72.13092041015625
2021-10-05 00:00:00-04:00,71.91062927246094
2021-10-06 00:00:00-04:00,73.10900115966797
2021-10-07 00:00:00-04:00,72.88871765136719
2021-10-08 00:00:00-04:00,72.37765502929688
2021-10-11 00:00:00-04:00,71.61103057861328
2021-10-12 00:00:00-04:00,71.91062927246094
2021-10-13 00:00:00-04:00,72.782958984375
2021-10-14 00:00:00-04:00,73.92845153808594
2021-10-15 00:00:00-04:00,73.29405212402344
2021-10-18 00:00:00-04:00,72.85347747802734
2021-10-19 00:00:00-04:00,73.58483123779297
2021-10-20 00:00:00-04:00,74.32498931884766
2021-10-21 00:00:00-04:00,74.4483413696289
2021-10-22 00:00:00-04:00,75.14444732666016
2021-10-25 00:00:00-04:00,74.65982818603516
2021-10-26 00:00:00-04:00,75.19732666015625
2021-10-27 00:00:00-04:00,74.42190551757812
2021-10-28 00:00:00-04:00,74.73031616210938
2021-10-29 00:00:00-04:00,74.27210235595703
2021-11-01 00:00:00-04:00,74.26329803466797
2021-11-02 00:00:00-04:00,74.30735778808594
2021-11-03 00:00:00-04:00,74.18400573730469
2021-11-04 00:00:00-04:00,74.3426284790039
2021-11-05 00:00:00-04:00,75.33831787109375
2021-11-08 00:00:00-05:00,73.1178207397461
2021-11-09 00:00:00-05:00,73.17066955566406
2021-11-10 00:00:00-05:00,74.38666534423828
2021-11-11 00:00:00-05:00,74.10469055175781
2021-11-12 00:00:00-05:00,74.50120544433594
2021-11-15 00:00:00-05:00,75.59384155273438
2021-11-16 00:00:00-05:00,75.0210952758789
2021-11-17 00:00:00-05:00,75.32949829101562
2021-11-18 00:00:00-05:00,74.38666534423828
2021-11-19 00:00:00-05:00,75.2325668334961
2021-11-22 00:00:00-05:00,76.02559661865234
2021-11-23 00:00:00-05:00,75.69076538085938
2021-11-24 00:00:00-05:00,75.5674057006836
2021-11-26 00:00:00-05:00,74.4659652709961
2021-11-29 00:00:00-05:00,74.9770278930664
2021-11-30 00:00:00-05:00,71.89299774169922
2021-12-01 00:00:00-05:00,72.44815063476562
2021-12-02 00:00:00-05:00,73.33808898925781
2021-12-03 00:00:00-05:00,74.9241714477539
2021-12-06 00:00:00-05:00,75.72599792480469
2021-12-07 00:00:00-05:00,76.73698425292969
2021-12-08 00:00:00-05:00,76.96756744384766
2021-12-09 00:00:00-05:00,76.88775634765625
2021-12-10 00:00:00-05:00,77.36663055419922
2021-12-13 00:00:00-05:00,78.00515747070312
2021-12-14 00:00:00-05:00,77.32229614257812
2021-12-15 00:00:00-05:00,78.42194366455078
2021-12-16 00:00:00-05:00,78.62594604492188
2021-12-17 00:00:00-05:00,76.63058471679688
2021-12-20 00:00:00-05:00,76.6217041015625
2021-12-21 00:00:00-05:00,77.31342315673828
2021-12-22 00:00:00-05:00,77.20701599121094
2021-12-23 00:00:00-05:00,77.17152404785156
2021-12-27 00:00:00-05:00,77.64155578613281
2021-12-28 00:00:00-05:00,78.4130859375
2021-12-29 00:00:00-05:00,78.84764099121094
2021-12-30 00:00:00-05:00,78.98065948486328
2021-12-31 00:00:00-05:00,78.93631744384766
2022-01-03 00:00:00-05:00,78.55500030517578
2022-01-04 00:00:00-05:00,78.13817596435547
2022-01-05 00:00:00-05:00,78.33329010009766
2022-01-06 00:00:00-05:00,77.95194244384766
2022-01-07 00:00:00-05:00,78.25345611572266
2022-01-10 00:00:00-05:00,77.60608673095703
2022-01-11 00:00:00-05:00,77.127197265625
2022-01-12 00:00:00-05:00,77.78343963623047
2022-01-13 00:00:00-05:00,78.80330657958984
2022-01-14 00:00:00-05:00,78.12045288085938
2022-01-18 00:00:00-05:00,77.7036361694336
2022-01-19 00:00:00-05:00,77.72136688232422
2022-01-20 00:00:00-05:00,77.9342041015625
2022-01-21 00:00:00-05:00,77.79232025146484
2022-01-24 00:00:00-05:00,76.6217041015625
2022-01-25 00:00:00-05:00,76.2492446899414
2022-01-26 00:00:00-05:00,75.89451599121094
2022-01-27 00:00:00-05:00,76.55075073242188
2022-01-28 00:00:00-05:00,77.73023223876953
2022-01-31 00:00:00-05:00,78.69686889648438
2022-02-01 00:00:00-05:00,77.6770248413086
2022-02-02 00:00:00-05:00,78.53724670410156
2022-02-03 00:00:00-05:00,78.04949951171875
2022-02-04 00:00:00-05:00,77.0473861694336
2022-02-07 00:00:00-05:00,77.47306060791016
2022-02-08 00:00:00-05:00,77.49966430664062
2022-02-09 00:00:00-05:00,77.78343963623047
2022-02-10 00:00:00-05:00,75.87676239013672
2022-02-11 00:00:00-05:00,76.0186538696289
2022-02-14 00:00:00-05:00,75.49542236328125
2022-02-15 00:00:00-05:00,74.83031463623047
2022-02-16 00:00:00-05:00,74.9101333618164
2022-02-17 00:00:00-05:00,74.94561004638672
2022-02-18 00:00:00-05:00,75.0875015258789
2022-02-22 00:00:00-05:00,75.30919647216797
2022-02-23 00:00:00-05:00,74.28050231933594
2022-02-24 00:00:00-05:00,73.82820129394531
2022-02-25 00:00:00-05:00,76.29359436035156
2022-02-28 00:00:00-05:00,76.22264862060547
2022-03-01 00:00:00-05:00,75.19390869140625
2022-03-02 00:00:00-05:00,76.25811767578125
2022-03-03 00:00:00-05:00,77.41985321044922
2022-03-04 00:00:00-05:00,79.38859558105469
2022-03-07 00:00:00-05:00,79.43294525146484
2022-03-08 00:00:00-05:00,78.33491516113281
2022-03-09 00:00:00-05:00,77.43328094482422
2022-03-10 00:00:00-05:00,78.15638732910156
2022-03-11 00:00:00-05:00,78.10282135009766
2022-03-14 00:00:00-04:00,78.00460815429688
2022-03-15 00:00:00-04:00,78.9687271118164
2022-03-16 00:00:00-04:00,78.49559783935547
2022-03-17 00:00:00-04:00,79.10264587402344
2022-03-18 00:00:00-04:00,78.42417907714844
2022-03-21 00:00:00-04:00,79.86144256591797
2022-03-22 00:00:00-04:00,79.07586669921875
2022-03-23 00:00:00-04:00,79.56685638427734
2022-03-24 00:00:00-04:00,79.94178771972656
2022-03-25 00:00:00-04:00,81.0398178100586
2022-03-28 00:00:00-04:00,81.95037078857422
2022-03-29 00:00:00-04:00,82.48600769042969
2022-03-30 00:00:00-04:00,83.7536392211914
2022-03-31 00:00:00-04:00,83.7000732421875
2022-04-01 00:00:00-04:00,84.61956024169922
2022-04-04 00:00:00-04:00,84.26248931884766
2022-04-05 00:00:00-04:00,84.75347137451172
2022-04-06 00:00:00-04:00,86.70848846435547
2022-04-07 00:00:00-04:00,86.41389465332031
2022-04-08 00:00:00-04:00,86.65492248535156
2022-04-11 00:00:00-04:00,86.12825012207031
2022-04-12 00:00:00-04:00,86.36925506591797
2022-04-13 00:00:00-04:00,85.92292022705078
2022-04-14 00:00:00-04:00,85.92292022705078
2022-04-18 00:00:00-04:00,85.77115631103516
2022-04-19 00:00:00-04:00,86.25321197509766
2022-04-20 00:00:00-04:00,87.94041442871094
2022-04-21 00:00:00-04:00,87.31551361083984
2022-04-22 00:00:00-04:00,86.48530578613281
2022-04-25 00:00:00-04:00,85.6283187866211
2022-04-26 00:00:00-04:00,84.7356185913086
2022-04-27 00:00:00-04:00,84.20892333984375
2022-04-28 00:00:00-04:00,85.20875549316406
2022-04-29 00:00:00-04:00,82.9323501586914
2022-05-02 00:00:00-04:00,82.12891387939453
2022-05-03 00:00:00-04:00,82.50384521484375
2022-05-04 00:00:00-04:00,83.78936004638672
2022-05-05 00:00:00-04:00,83.24478912353516
2022-05-06 00:00:00-04:00,82.70917510986328
2022-05-09 00:00:00-04:00,82.73595428466797
2022-05-10 00:00:00-04:00,82.92343139648438
2022-05-11 00:00:00-04:00,83.39655303955078
2022-05-12 00:00:00-04:00,82.67344665527344
2022-05-13 00:00:00-04:00,83.11981964111328
2022-05-16 00:00:00-04:00,83.00376892089844
2022-05-17 00:00:00-04:00,83.46798706054688
2022-05-18 00:00:00-04:00,82.84308624267578
2022-05-19 00:00:00-04:00,82.55742645263672
2022-05-20 00:00:00-04:00,82.70024871826172
2022-05-23 00:00:00-04:00,83.2269515991211
2022-05-24 00:00:00-04:00,85.2623062133789
2022-05-25 00:00:00-04:00,85.24446868896484
2022-05-26 00:00:00-04:00,85.58367919921875
2022-05-27 00:00:00-04:00,86.19072723388672
2022-05-31 00:00:00-04:00,84.97664642333984
2022-06-01 00:00:00-04:00,84.24462127685547
2022-06-02 00:00:00-04:00,84.01251220703125
2022-06-03 00:00:00-04:00,83.2983627319336
2022-06-06 00:00:00-04:00,83.15552520751953
2022-06-07 00:00:00-04:00,84.19766998291016
2022-06-08 00:00:00-04:00,82.95787048339844
2022-06-09 00:00:00-04:00,80.80175018310547
2022-06-10 00:00:00-04:00,80.17286682128906
2022-06-13 00:00:00-04:00,76.88471984863281
2022-06-14 00:00:00-04:00,74.83638000488281
2022-06-15 00:00:00-04:00,74.8004379272461
2022-06-16 00:00:00-04:00,73.66847229003906
2022-06-17 00:00:00-04:00,73.12043762207031
2022-06-21 00:00:00-04:00,74.07274627685547
2022-06-22 00:00:00-04:00,74.81842041015625
2022-06-23 00:00:00-04:00,76.64215087890625
2022-06-24 00:00:00-04:00,78.97799682617188
2022-06-27 00:00:00-04:00,79.93029022216797
2022-06-28 00:00:00-04:00,80.49627685546875
2022-06-29 00:00:00-04:00,80.5322036743164
2022-06-30 00:00:00-04:00,81.1790542602539
2022-07-01 00:00:00-04:00,82.8231201171875
2022-07-05 00:00:00-04:00,79.04985046386719
2022-07-06 00:00:00-04:00,79.51702117919922
2022-07-07 00:00:00-04:00,79.27445983886719
2022-07-08 00:00:00-04:00,78.83424377441406
2022-07-11 00:00:00-04:00,78.9869613647461
2022-07-12 00:00:00-04:00,78.62760925292969
2022-07-13 00:00:00-04:00,78.23233032226562
2022-07-14 00:00:00-04:00,78.20536041259766
2022-07-15 00:00:00-04:00,78.83424377441406
2022-07-18 00:00:00-04:00,77.63937377929688
2022-07-19 00:00:00-04:00,77.68431091308594
2022-07-20 00:00:00-04:00,77.12728881835938
2022-07-21 00:00:00-04:00,77.54054260253906
2022-07-22 00:00:00-04:00,78.54676055908203
2022-07-25 00:00:00-04:00,79.31037139892578
2022-07-26 00:00:00-04:00,80.31660461425781
2022-07-27 00:00:00-04:00,80.30760955810547
2022-07-28 00:00:00-04:00,82.7063217163086
2022-07-29 00:00:00-04:00,83.65862274169922
2022-08-01 00:00:00-04:00,83.56877136230469
2022-08-02 00:00:00-04:00,83.1285629272461
2022-08-03 00:00:00-04:00,82.92195129394531
2022-08-04 00:00:00-04:00,82.2840805053711
2022-08-05 00:00:00-04:00,82.02354431152344
2022-08-08 00:00:00-04:00,82.55359649658203
2022-08-09 00:00:00-04:00,83.96409606933594
2022-08-10 00:00:00-04:00,84.40430450439453
2022-08-11 00:00:00-04:00,84.47616577148438
2022-08-12 00:00:00-04:00,85.19489288330078
2022-08-15 00:00:00-04:00,86.23701477050781
2022-08-16 00:00:00-04:00,86.26397705078125
2022-08-17 00:00:00-04:00,86.55144500732422
2022-08-18 00:00:00-04:00,86.8748779296875
2022-08-19 00:00:00-04:00,87.4588394165039
2022-08-22 00:00:00-04:00,86.0932846069336
2022-08-23 00:00:00-04:00,85.653076171875
2022-08-24 00:00:00-04:00,86.01242065429688
2022-08-25 00:00:00-04:00,86.53350830078125
2022-08-26 00:00:00-04:00,85.15894317626953
2022-08-29 00:00:00-04:00,85.57221221923828
2022-08-30 00:00:00-04:00,83.85628509521484
2022-08-31 00:00:00-04:00,83.20944213867188
2022-09-01 00:00:00-04:00,84.32345581054688
2022-09-02 00:00:00-04:00,83.48794555664062
2022-09-06 00:00:00-04:00,83.37944793701172
2022-09-07 00:00:00-04:00,86.44446563720703
2022-09-08 00:00:00-04:00,85.7302017211914
2022-09-09 00:00:00-04:00,86.44446563720703
2022-09-12 00:00:00-04:00,86.73377990722656
2022-09-13 00:00:00-04:00,84.15699768066406
2022-09-14 00:00:00-04:00,84.74469757080078
2022-09-15 00:00:00-04:00,82.43912506103516
2022-09-16 00:00:00-04:00,82.93640899658203
2022-09-19 00:00:00-04:00,83.45176696777344
2022-09-20 00:00:00-04:00,82.4933853149414
2022-09-21 00:00:00-04:00,81.78816223144531
2022-09-22 00:00:00-04:00,81.74295043945312
2022-09-23 00:00:00-04:00,80.54045867919922
2022-09-26 00:00:00-04:00,78.39765167236328
2022-09-27 00:00:00-04:00,76.95103454589844
2022-09-28 00:00:00-04:00,77.7557144165039
2022-09-29 00:00:00-04:00,74.58219909667969
2022-09-30 00:00:00-04:00,72.82817077636719
2022-10-03 00:00:00-04:00,74.81727600097656
2022-10-04 00:00:00-04:00,76.01073455810547
2022-10-05 00:00:00-04:00,73.63285827636719
2022-10-06 00:00:00-04:00,71.28207397460938
2022-10-07 00:00:00-04:00,69.58232116699219
2022-10-10 00:00:00-04:00,70.24235534667969
2022-10-11 00:00:00-04:00,70.41413116455078
2022-10-12 00:00:00-04:00,67.7559585571289
2022-10-13 00:00:00-04:00,69.79027557373047
2022-10-14 00:00:00-04:00,68.94039154052734
2022-10-17 00:00:00-04:00,70.26041412353516
2022-10-18 00:00:00-04:00,71.75224304199219
2022-10-19 00:00:00-04:00,71.02891540527344
2022-10-20 00:00:00-04:00,69.27491760253906
2022-10-21 00:00:00-04:00,70.14289855957031
2022-10-24 00:00:00-04:00,70.40507507324219
2022-10-25 00:00:00-04:00,71.89689636230469
2022-10-26 00:00:00-04:00,71.88786315917969
2022-10-27 00:00:00-04:00,72.58404541015625
2022-10-28 00:00:00-04:00,74.43754577636719
2022-10-31 00:00:00-04:00,73.70516967773438
2022-11-01 00:00:00-04:00,74.2476577758789
2022-11-02 00:00:00-04:00,73.38872528076172
2022-11-03 00:00:00-04:00,73.36161041259766
2022-11-04 00:00:00-04:00,73.26215362548828
2022-11-07 00:00:00-05:00,73.25310516357422
2022-11-08 00:00:00-05:00,74.43754577636719
2022-11-09 00:00:00-05:00,73.75038146972656
2022-11-10 00:00:00-05:00,77.12281799316406
2022-11-11 00:00:00-05:00,75.33262634277344
2022-11-14 00:00:00-05:00,74.5731430053711
2022-11-15 00:00:00-05:00,75.42304229736328
2022-11-16 00:00:00-05:00,76.38142395019531
2022-11-17 00:00:00-05:00,75.57673645019531
2022-11-18 00:00:00-05:00,77.91845703125
2022-11-21 00:00:00-05:00,78.44285583496094
2022-11-22 00:00:00-05:00,78.8677978515625
2022-11-23 00:00:00-05:00,79.69055938720703
2022-11-25 00:00:00-05:00,80.29632568359375
2022-11-28 00:00:00-05:00,79.5097427368164
2022-11-29 00:00:00-05:00,78.87683868408203
2022-11-30 00:00:00-05:00,80.75743865966797
2022-12-01 00:00:00-05:00,80.19686126708984
2022-12-02 00:00:00-05:00,79.60015106201172
2022-12-05 00:00:00-05:00,78.88587951660156
2022-12-06 00:00:00-05:00,79.4593734741211
2022-12-07 00:00:00-05:00,78.84036254882812
2022-12-08 00:00:00-05:00,80.26952362060547
2022-12-09 00:00:00-05:00,80.66095733642578
2022-12-12 00:00:00-05:00,82.55436706542969
2022-12-13 00:00:00-05:00,82.7091064453125
2022-12-14 00:00:00-05:00,81.73509216308594
2022-12-15 00:00:00-05:00,80.27862548828125
2022-12-16 00:00:00-05:00,79.85989379882812
2022-12-19 00:00:00-05:00,79.46846771240234
2022-12-20 00:00:00-05:00,79.37743377685547
2022-12-21 00:00:00-05:00,80.65184783935547
2022-12-22 00:00:00-05:00,80.43338012695312
2022-12-23 00:00:00-05:00,81.49842071533203
2022-12-27 00:00:00-05:00,82.1811294555664
2022-12-28 00:00:00-05:00,81.36186218261719
2022-12-29 00:00:00-05:00,81.93536376953125
2022-12-30 00:00:00-05:00,80.94313049316406
2023-01-03 00:00:00-05:00,80.55169677734375
2023-01-04 00:00:00-05:00,80.97955322265625
2023-01-05 00:00:00-05:00,78.28507995605469
2023-01-06 00:00:00-05:00,80.39696502685547
2023-01-09 00:00:00-05:00,81.38919830322266
2023-01-10 00:00:00-05:00,81.12521362304688
2023-01-11 00:00:00-05:00,82.4906234741211
2023-01-12 00:00:00-05:00,81.69868469238281
2023-01-13 00:00:00-05:00,82.06280517578125
2023-01-17 00:00:00-05:00,81.23444366455078
2023-01-18 00:00:00-05:00,78.90409088134766
2023-01-19 00:00:00-05:00,78.3215103149414
2023-01-20 00:00:00-05:00,78.90409088134766
2023-01-23 00:00:00-05:00,78.26689147949219
2023-01-24 00:00:00-05:00,78.71293640136719
2023-01-25 00:00:00-05:00,79.09525299072266
2023-01-26 00:00:00-05:00,79.60501861572266
2023-01-27 00:00:00-05:00,79.3592300415039
2023-01-30 00:00:00-05:00,79.11345672607422
2023-01-31 00:00:00-05:00,79.07704162597656
2023-02-01 00:00:00-05:00,79.4593734741211
2023-02-02 00:00:00-05:00,78.9496078491211
2023-02-03 00:00:00-05:00,77.64790344238281
2023-02-06 00:00:00-05:00,78.19405364990234
2023-02-07 00:00:00-05:00,78.27598571777344
2023-02-08 00:00:00-05:00,77.11990356445312
2023-02-09 00:00:00-05:00,76.2096176147461
2023-02-10 00:00:00-05:00,77.82994842529297
2023-02-13 00:00:00-05:00,78.13945007324219
2023-02-14 00:00:00-05:00,77.55684661865234
2023-02-15 00:00:00-05:00,78.1303482055664
2023-02-16 00:00:00-05:00,78.13945007324219
2023-02-17 00:00:00-05:00,79.43206024169922
2023-02-21 00:00:00-05:00,78.3215103149414
2023-02-22 00:00:00-05:00,77.82994842529297
2023-02-23 00:00:00-05:00,77.33839416503906
2023-02-24 00:00:00-05:00,76.80130767822266
2023-02-27 00:00:00-05:00,76.37347412109375
2023-02-28 00:00:00-05:00,75.29022979736328
2023-03-01 00:00:00-05:00,73.7700424194336
2023-03-02 00:00:00-05:00,74.98075103759766
2023-03-03 00:00:00-05:00,76.2187271118164
2023-03-06 00:00:00-05:00,76.32795715332031
2023-03-07 00:00:00-05:00,75.04446411132812
2023-03-08 00:00:00-05:00,75.69075775146484
2023-03-09 00:00:00-05:00,75.24472045898438
2023-03-10 00:00:00-05:00,73.77913665771484
2023-03-13 00:00:00-04:00,75.83639526367188
2023-03-14 00:00:00-04:00,76.78114318847656
2023-03-15 00:00:00-04:00,78.18450164794922
2023-03-16 00:00:00-04:00,78.92745971679688
2023-03-17 00:00:00-04:00,77.98271179199219
2023-03-20 00:00:00-04:00,78.85408020019531
2023-03-21 00:00:00-04:00,76.80866241455078
2023-03-22 00:00:00-04:00,75.03841400146484
2023-03-23 00:00:00-04:00,73.937744140625
2023-03-24 00:00:00-04:00,77.0838394165039
2023-03-27 00:00:00-04:00,77.03797149658203
2023-03-28 00:00:00-04:00,77.56996154785156
2023-03-29 00:00:00-04:00,78.89077758789062
2023-03-30 00:00:00-04:00,79.29434967041016
2023-03-31 00:00:00-04:00,79.23932647705078
2023-04-03 00:00:00-04:00,79.02835083007812
2023-04-04 00:00:00-04:00,79.25765228271484
2023-04-05 00:00:00-04:00,81.88092041015625
2023-04-06 00:00:00-04:00,82.61471557617188
2023-04-10 00:00:00-04:00,82.55968475341797
2023-04-11 00:00:00-04:00,82.70642852783203
2023-04-12 00:00:00-04:00,82.52299499511719
2023-04-13 00:00:00-04:00,82.64225006103516
2023-04-14 00:00:00-04:00,82.05521392822266
2023-04-17 00:00:00-04:00,82.31202697753906
2023-04-18 00:00:00-04:00,80.98204803466797
2023-04-19 00:00:00-04:00,81.89928436279297
2023-04-20 00:00:00-04:00,82.09190368652344
2023-04-21 00:00:00-04:00,82.51383209228516
2023-04-24 00:00:00-04:00,83.2109146118164
2023-04-25 00:00:00-04:00,83.24761199951172
2023-04-26 00:00:00-04:00,81.62411499023438
2023-04-27 00:00:00-04:00,82.2936782836914
2023-04-28 00:00:00-04:00,81.60576629638672
2023-05-01 00:00:00-04:00,82.21113586425781
2023-05-02 00:00:00-04:00,81.73419189453125
2023-05-03 00:00:00-04:00,81.312255859375
2023-05-04 00:00:00-04:00,82.32120513916016
2023-05-05 00:00:00-04:00,82.98160552978516
2023-05-08 00:00:00-04:00,81.76168060302734
2023-05-09 00:00:00-04:00,81.48652648925781
2023-05-10 00:00:00-04:00,82.36707305908203
2023-05-11 00:00:00-04:00,81.48652648925781
2023-05-12 00:00:00-04:00,80.459228515625
2023-05-15 00:00:00-04:00,78.01940155029297
2023-05-16 00:00:00-04:00,76.60686492919922
2023-05-17 00:00:00-04:00,76.4325942993164
2023-05-18 00:00:00-04:00,76.46011352539062
2023-05-19 00:00:00-04:00,77.15721130371094
2023-05-22 00:00:00-04:00,76.69860076904297
2023-05-23 00:00:00-04:00,75.86392211914062
2023-05-24 00:00:00-04:00,75.33191680908203
2023-05-25 00:00:00-04:00,74.24958038330078
2023-05-26 00:00:00-04:00,74.0844955444336
2023-05-30 00:00:00-04:00,73.50665283203125
2023-05-31 00:00:00-04:00,74.35966491699219
2023-06-01 00:00:00-04:00,73.70843505859375
2023-06-02 00:00:00-04:00,74.45138549804688
2023-06-05 00:00:00-04:00,75.15766143798828
2023-06-06 00:00:00-04:00,74.79994201660156
2023-06-07 00:00:00-04:00,76.67108154296875
2023-06-08 00:00:00-04:00,76.85453796386719
2023-06-09 00:00:00-04:00,76.46011352539062
2023-06-12 00:00:00-04:00,76.61605072021484
2023-06-13 00:00:00-04:00,76.27410125732422
2023-06-14 00:00:00-04:00,76.56059265136719
2023-06-15 00:00:00-04:00,77.60493469238281
2023-06-16 00:00:00-04:00,77.70659637451172
2023-06-20 00:00:00-04:00,76.59757232666016
2023-06-21 00:00:00-04:00,76.89329528808594
2023-06-22 00:00:00-04:00,76.05229949951172
2023-06-23 00:00:00-04:00,74.70296478271484
2023-06-26 00:00:00-04:00,75.76578521728516
2023-06-27 00:00:00-04:00,76.32953643798828
2023-06-28 00:00:00-04:00,74.721435546875
2023-06-29 00:00:00-04:00,74.850830078125
2023-06-30 00:00:00-04:00,75.47927856445312
2023-07-03 00:00:00-04:00,76.56983184814453
2023-07-05 00:00:00-04:00,77.39237213134766
2023-07-06 00:00:00-04:00,76.96723937988281
2023-07-07 00:00:00-04:00,76.02455139160156
2023-07-10 00:00:00-04:00,75.8766860961914
2023-07-11 00:00:00-04:00,77.09663391113281
2023-07-12 00:00:00-04:00,78.15946197509766
2023-07-13 00:00:00-04:00,78.78791809082031
2023-07-14 00:00:00-04:00,78.99124145507812
2023-07-17 00:00:00-04:00,78.03006744384766
2023-07-18 00:00:00-04:00,77.9191665649414
2023-07-19 00:00:00-04:00,78.73246002197266
2023-07-20 00:00:00-04:00,80.34056854248047
2023-07-21 00:00:00-04:00,81.59747314453125
2023-07-24 00:00:00-04:00,80.66403198242188
2023-07-25 00:00:00-04:00,81.34793853759766
2023-07-26 00:00:00-04:00,81.42189025878906
2023-07-27 00:00:00-04:00,80.05406951904297
2023-07-28 00:00:00-04:00,79.3239517211914
2023-07-31 00:00:00-04:00,79.17608642578125
2023-08-01 00:00:00-04:00,78.22415924072266
2023-08-02 00:00:00-04:00,77.99310302734375
2023-08-03 00:00:00-04:00,76.63452911376953
2023-08-04 00:00:00-04:00,75.22974395751953
2023-08-07 00:00:00-04:00,75.05413818359375
2023-08-08 00:00:00-04:00,75.18352508544922
2023-08-09 00:00:00-04:00,74.86932373046875
2023-08-10 00:00:00-04:00,74.3702392578125
2023-08-11 00:00:00-04:00,74.77688598632812
2023-08-14 00:00:00-04:00,73.90814208984375
2023-08-15 00:00:00-04:00,72.78986358642578
2023-08-16 00:00:00-04:00,73.50149536132812
2023-08-17 00:00:00-04:00,73.187255859375
2023-08-18 00:00:00-04:00,74.4626693725586
2023-08-21 00:00:00-04:00,74.00057220458984
2023-08-22 00:00:00-04:00,74.21311950683594
2023-08-23 00:00:00-04:00,74.23161315917969
2023-08-24 00:00:00-04:00,73.91738891601562
2023-08-25 00:00:00-04:00,74.35176849365234
2023-08-28 00:00:00-04:00,74.23161315917969
2023-08-29 00:00:00-04:00,74.4349365234375
2023-08-30 00:00:00-04:00,74.3055419921875
2023-08-31 00:00:00-04:00,73.2612075805664
2023-09-01 00:00:00-04:00,72.50335693359375
2023-09-05 00:00:00-04:00,71.42205810546875
2023-09-06 00:00:00-04:00,71.78247833251953
2023-09-07 00:00:00-04:00,72.73440551757812
2023-09-08 00:00:00-04:00,73.39059448242188
2023-09-11 00:00:00-04:00,73.2612075805664
2023-09-12 00:00:00-04:00,73.35436248779297
2023-09-13 00:00:00-04:00,74.621337890625
2023-09-14 00:00:00-04:00,75.49705505371094
2023-09-15 00:00:00-04:00,75.24551391601562
2023-09-18 00:00:00-04:00,75.16167449951172
2023-09-19 00:00:00-04:00,74.7331314086914
2023-09-20 00:00:00-04:00,74.93809509277344
2023-09-21 00:00:00-04:00,74.63998413085938
2023-09-22 00:00:00-04:00,74.72380828857422
2023-09-25 00:00:00-04:00,74.10896301269531
2023-09-26 00:00:00-04:00,71.59363555908203
2023-09-27 00:00:00-04:00,70.90424346923828
2023-09-28 00:00:00-04:00,69.34848022460938
2023-09-29 00:00:00-04:00,69.7117919921875
2023-10-02 00:00:00-04:00,66.26486206054688
2023-10-03 00:00:00-04:00,67.60638427734375
2023-10-04 00:00:00-04:00,67.84859466552734
2023-10-05 00:00:00-04:00,68.2398681640625
2023-10-06 00:00:00-04:00,68.9385757446289
2023-10-09 00:00:00-04:00,69.92606353759766
2023-10-10 00:00:00-04:00,70.96015167236328
2023-10-11 00:00:00-04:00,72.09669494628906
2023-10-12 00:00:00-04:00,71.4725341796875
2023-10-13 00:00:00-04:00,72.61840057373047
2023-10-16 00:00:00-04:00,72.96308135986328
2023-10-17 00:00:00-04:00,73.03762817382812
2023-10-18 00:00:00-04:00,73.1214599609375
2023-10-19 00:00:00-04:00,72.33891296386719
2023-10-20 00:00:00-04:00,71.10921478271484
2023-10-23 00:00:00-04:00,69.94470977783203
2023-10-24 00:00:00-04:00,71.13715362548828
2023-10-25 00:00:00-04:00,71.59363555908203
2023-10-26 00:00:00-04:00,71.77996063232422
2023-10-27 00:00:00-04:00,70.22417449951172
2023-10-30 00:00:00-04:00,69.9074478149414
2023-10-31 00:00:00-04:00,70.5316162109375
2023-11-01 00:00:00-04:00,71.58431243896484
2023-11-02 00:00:00-04:00,72.77677917480469
2023-11-03 00:00:00-04:00,73.14009094238281
2023-11-06 00:00:00-05:00,72.92583465576172
2023-11-07 00:00:00-05:00,72.66497802734375
2023-11-08 00:00:00-05:00,72.28301239013672
2023-11-09 00:00:00-05:00,70.89492797851562
2023-11-10 00:00:00-05:00,71.05331420898438
2023-11-13 00:00:00-05:00,69.66522216796875
2023-11-14 00:00:00-05:00,72.05944061279297
2023-11-15 00:00:00-05:00,72.36687469482422
2023-11-16 00:00:00-05:00,71.52842712402344
2023-11-17 00:00:00-05:00,71.84518432617188
2023-11-20 00:00:00-05:00,71.5656967163086
2023-11-21 00:00:00-05:00,71.45388793945312
2023-11-22 00:00:00-05:00,71.7333755493164
2023-11-24 00:00:00-05:00,71.89175415039062
2023-11-27 00:00:00-05:00,72.16191101074219
2023-11-28 00:00:00-05:00,72.52523803710938
2023-11-29 00:00:00-05:00,71.72406768798828
2023-11-30 00:00:00-05:00,72.28301239013672
2023-12-01 00:00:00-05:00,73.56863403320312
2023-12-04 00:00:00-05:00,73.15873718261719
2023-12-05 00:00:00-05:00,72.40413665771484
2023-12-06 00:00:00-05:00,73.680419921875
2023-12-07 00:00:00-05:00,73.34505462646484
2023-12-08 00:00:00-05:00,72.68360137939453
2023-12-11 00:00:00-05:00,72.83267974853516
2023-12-12 00:00:00-05:00,73.21772766113281
2023-12-13 00:00:00-05:00,76.37334442138672
2023-12-14 00:00:00-05:00,70.45655822753906
2023-12-15 00:00:00-05:00,67.36669921875
2023-12-18 00:00:00-05:00,66.81258392333984
2023-12-19 00:00:00-05:00,67.94896697998047
2023-12-20 00:00:00-05:00,67.6578369140625
2023-12-21 00:00:00-05:00,67.71418762207031
2023-12-22 00:00:00-05:00,67.68601989746094
2023-12-26 00:00:00-05:00,67.40426635742188
2023-12-27 00:00:00-05:00,67.3385238647461
2023-12-28 00:00:00-05:00,67.90202331542969
2023-12-29 00:00:00-05:00,67.93958282470703
2024-01-02 00:00:00-05:00,69.49860382080078
2024-01-03 00:00:00-05:00,69.18868255615234
2024-01-04 00:00:00-05:00,69.41409301757812
2024-01-05 00:00:00-05:00,69.54557800292969
2024-01-08 00:00:00-05:00,70.11846160888672
2024-01-09 00:00:00-05:00,69.51740264892578
2024-01-10 00:00:00-05:00,69.2919921875
2024-01-11 00:00:00-05:00,67.80809783935547
2024-01-12 00:00:00-05:00,67.51696014404297
2024-01-16 00:00:00-05:00,66.87832641601562
2024-01-17 00:00:00-05:00,66.04246520996094
2024-01-18 00:00:00-05:00,65.37566375732422
2024-01-19 00:00:00-05:00,65.06571960449219
2024-01-22 00:00:00-05:00,64.6618881225586
2024-01-23 00:00:00-05:00,64.82154083251953
2024-01-24 00:00:00-05:00,64.20170593261719
2024-01-25 00:00:00-05:00,65.44139862060547
2024-01-26 00:00:00-05:00,65.28173828125
2024-01-29 00:00:00-05:00,65.54471588134766
2024-01-30 00:00:00-05:00,65.77009582519531
2024-01-31 00:00:00-05:00,65.33808898925781
2024-02-01 00:00:00-05:00,66.39934539794922
2024-02-02 00:00:00-05:00,65.18782043457031
2024-02-05 00:00:00-05:00,63.83541488647461
2024-02-06 00:00:00-05:00,64.22046661376953
2024-02-07 00:00:00-05:00,64.5116195678711
2024-02-08 00:00:00-05:00,63.7884635925293
2024-02-09 00:00:00-05:00,64.52101135253906
2024-02-12 00:00:00-05:00,64.96241760253906
2024-02-13 00:00:00-05:00,64.11714935302734
2024-02-14 00:00:00-05:00,64.43648529052734
2024-02-15 00:00:00-05:00,65.30990600585938
2024-02-16 00:00:00-05:00,65.28173828125
2024-02-20 00:00:00-05:00,65.6198501586914
2024-02-21 00:00:00-05:00,67.05677032470703
2024-02-22 00:00:00-05:00,66.50265502929688
2024-02-23 00:00:00-05:00,67.24461364746094
2024-02-26 00:00:00-05:00,66.52144622802734
2024-02-27 00:00:00-05:00,66.98163604736328
2024-02-28 00:00:00-05:00,67.14129638671875
2024-02-29 00:00:00-05:00,66.85955047607422
2024-03-01 00:00:00-05:00,66.98163604736328
2024-03-04 00:00:00-05:00,68.24951934814453
2024-03-05 00:00:00-05:00,67.73297882080078
2024-03-06 00:00:00-05:00,68.67214965820312
2024-03-07 00:00:00-05:00,68.63456726074219
2024-03-08 00:00:00-05:00,68.56883239746094
2024-03-11 00:00:00-04:00,69.16990661621094
2024-03-12 00:00:00-04:00,68.54434967041016
2024-03-13 00:00:00-04:00,68.62018585205078
2024-03-14 00:00:00-04:00,67.65342712402344
2024-03-15 00:00:00-04:00,67.84300231933594
2024-03-18 00:00:00-04:00,68.21263885498047
2024-03-19 00:00:00-04:00,68.34532165527344
2024-03-20 00:00:00-04:00,68.28845977783203
2024-03-21 00:00:00-04:00,68.05152130126953
2024-03-22 00:00:00-04:00,67.9377670288086
2024-03-25 00:00:00-04:00,67.71031188964844
2024-03-26 00:00:00-04:00,67.26484680175781
2024-03-27 00:00:00-04:00,69.3310317993164
2024-03-28 00:00:00-04:00,70.09873962402344
2024-04-01 00:00:00-04:00,69.41633605957031
2024-04-02 00:00:00-04:00,69.94709014892578
2024-04-03 00:00:00-04:00,69.3310317993164
2024-04-04 00:00:00-04:00,69.08460235595703
2024-04-05 00:00:00-04:00,68.91400146484375
2024-04-08 00:00:00-04:00,69.5111083984375
2024-04-09 00:00:00-04:00,70.1271743774414
2024-04-10 00:00:00-04:00,68.5064468383789
2024-04-11 00:00:00-04:00,68.28845977783203
2024-04-12 00:00:00-04:00,68.01359558105469
2024-04-15 00:00:00-04:00,67.84300231933594
2024-04-16 00:00:00-04:00,66.667724609375
2024-04-17 00:00:00-04:00,68.17472076416016
2024-04-18 00:00:00-04:00,68.72444915771484
2024-04-19 00:00:00-04:00,70.02291870117188
2024-04-22 00:00:00-04:00,70.49681091308594
2024-04-23 00:00:00-04:00,70.15560150146484
2024-04-24 00:00:00-04:00,70.80958557128906
2024-04-25 00:00:00-04:00,70.85697937011719
2024-04-26 00:00:00-04:00,69.81441497802734
2024-04-29 00:00:00-04:00,70.46837615966797
2024-04-30 00:00:00-04:00,70.01344299316406
2024-05-01 00:00:00-04:00,70.60106658935547
2024-05-02 00:00:00-04:00,71.3213882446289
2024-05-03 00:00:00-04:00,70.22195434570312
2024-05-06 00:00:00-04:00,70.04188537597656
2024-05-07 00:00:00-04:00,70.47785949707031
2024-05-08 00:00:00-04:00,70.3546371459961
2024-05-09 00:00:00-04:00,70.866455078125
2024-05-10 00:00:00-04:00,70.51575469970703
2024-05-13 00:00:00-04:00,70.58212280273438
2024-05-14 00:00:00-04:00,70.97071075439453
2024-05-15 00:00:00-04:00,71.397216796875
2024-05-16 00:00:00-04:00,70.98966217041016
2024-05-17 00:00:00-04:00,70.83802032470703
2024-05-20 00:00:00-04:00,70.51575469970703
2024-05-21 00:00:00-04:00,70.66740417480469
2024-05-22 00:00:00-04:00,69.37841796875
2024-05-23 00:00:00-04:00,67.76718139648438
2024-05-24 00:00:00-04:00,67.61551666259766
2024-05-28 00:00:00-04:00,67.51126861572266
2024-05-29 00:00:00-04:00,66.44026184082031
2024-05-30 00:00:00-04:00,67.77664184570312
2024-05-31 00:00:00-04:00,69.53953552246094
2024-06-03 00:00:00-04:00,69.91866302490234
2024-06-04 00:00:00-04:00,69.8617935180664
2024-06-05 00:00:00-04:00,68.59175109863281
2024-06-06 00:00:00-04:00,68.3358383178711
2024-06-07 00:00:00-04:00,67.35962677001953
2024-06-10 00:00:00-04:00,67.76718139648438
2024-06-11 00:00:00-04:00,67.73873901367188
2024-06-12 00:00:00-04:00,67.10726928710938
2024-06-13 00:00:00-04:00,66.97333526611328
2024-06-14 00:00:00-04:00,67.08814239501953
2024-06-17 00:00:00-04:00,67.35603332519531
2024-06-18 00:00:00-04:00,67.15511322021484
2024-06-20 00:00:00-04:00,67.98749542236328
2024-06-21 00:00:00-04:00,67.21251678466797
2024-06-24 00:00:00-04:00,68.0736083984375
2024-06-25 00:00:00-04:00,67.1168441772461
2024-06-26 00:00:00-04:00,67.09769439697266
2024-06-27 00:00:00-04:00,67.87267303466797
2024-06-28 00:00:00-04:00,68.03533172607422
2024-07-01 00:00:00-04:00,67.6908950805664
2024-07-02 00:00:00-04:00,68.40847778320312
2024-07-03 00:00:00-04:00,67.50910949707031
2024-07-05 00:00:00-04:00,67.40386962890625
2024-07-08 00:00:00-04:00,67.65261840820312
2024-07-09 00:00:00-04:00,68.27452087402344
2024-07-10 00:00:00-04:00,68.7050552368164
2024-07-11 00:00:00-04:00,69.95842742919922
2024-07-12 00:00:00-04:00,70.68556213378906
2024-07-15 00:00:00-04:00,69.60442352294922
2024-07-16 00:00:00-04:00,70.73340606689453
2024-07-17 00:00:00-04:00,71.98675537109375
2024-07-18 00:00:00-04:00,71.80497741699219
2024-07-19 00:00:00-04:00,71.58492279052734
2024-07-22 00:00:00-04:00,72.46514129638672
2024-07-23 00:00:00-04:00,71.83367919921875
2024-07-24 00:00:00-04:00,73.70893096923828
2024-07-25 00:00:00-04:00,74.19688415527344
2024-07-26 00:00:00-04:00,74.66568756103516
2024-07-29 00:00:00-04:00,74.81877136230469
2024-07-30 00:00:00-04:00,76.0816879272461
2024-07-31 00:00:00-04:00,75.8425064086914
2024-08-01 00:00:00-04:00,77.74646759033203
2024-08-02 00:00:00-04:00,78.96155548095703
2024-08-05 00:00:00-04:00,76.72272491455078
2024-08-06 00:00:00-04:00,77.07672882080078
2024-08-07 00:00:00-04:00,77.00975799560547
2024-08-08 00:00:00-04:00,76.73229217529297
2024-08-09 00:00:00-04:00,76.8375473022461
2024-08-12 00:00:00-04:00,76.84711456298828
2024-08-13 00:00:00-04:00,77.78473663330078
2024-08-14 00:00:00-04:00,77.74646759033203
2024-08-15 00:00:00-04:00,77.82300567626953
2024-08-16 00:00:00-04:00,78.5501480102539
2024-08-19 00:00:00-04:00,78.94242095947266
2024-08-20 00:00:00-04:00,78.66496276855469
2024-08-21 00:00:00-04:00,78.7893295288086
2024-08-22 00:00:00-04:00,78.73193359375
2024-08-23 00:00:00-04:00,78.50230407714844
2024-08-26 00:00:00-04:00,78.99983215332031
2024-08-27 00:00:00-04:00,78.11961364746094
2024-08-28 00:00:00-04:00,78.77976989746094
2024-08-29 00:00:00-04:00,78.72236633300781
2024-08-30 00:00:00-04:00,78.94242095947266
2024-09-03 00:00:00-04:00,79.67911529541016
2024-09-04 00:00:00-04:00,80.1957778930664
2024-09-05 00:00:00-04:00,80.11922454833984
2024-09-06 00:00:00-04:00,79.56431579589844
2024-09-09 00:00:00-04:00,80.9324722290039
2024-09-10 00:00:00-04:00,81.2386474609375
2024-09-11 00:00:00-04:00,80.7564468383789
2024-09-12 00:00:00-04:00,80.52501678466797
2024-09-13 00:00:00-04:00,80.99755096435547
2024-09-16 00:00:00-04:00,82.42481994628906
2024-09-17 00:00:00-04:00,81.99085235595703
2024-09-18 00:00:00-04:00,81.6051025390625
2024-09-19 00:00:00-04:00,80.64073944091797
2024-09-20 00:00:00-04:00,82.5694808959961
2024-09-23 00:00:00-04:00,82.58877563476562
2024-09-24 00:00:00-04:00,82.36697387695312
2024-09-25 00:00:00-04:00,83.26383209228516
2024-09-26 00:00:00-04:00,82.99378967285156
2024-09-27 00:00:00-04:00,83.4084701538086
2024-09-30 00:00:00-04:00,84.34391784667969
2024-10-01 00:00:00-04:00,84.38249206542969
2024-10-02 00:00:00-04:00,84.28606414794922
2024-10-03 00:00:00-04:00,84.88396453857422
2024-10-04 00:00:00-04:00,84.61393737792969
2024-10-07 00:00:00-04:00,84.03532409667969
2024-10-08 00:00:00-04:00,83.65922546386719
2024-10-09 00:00:00-04:00,83.30239868164062
2024-10-10 00:00:00-04:00,82.75270080566406
2024-10-11 00:00:00-04:00,83.36990356445312
2024-10-14 00:00:00-04:00,84.14139556884766
2024-10-15 00:00:00-04:00,84.79717254638672
2024-10-16 00:00:00-04:00,85.56866455078125
2024-10-17 00:00:00-04:00,85.16363525390625
2024-10-18 00:00:00-04:00,85.67474365234375
2024-10-21 00:00:00-04:00,85.08649444580078
2024-10-22 00:00:00-04:00,84.63323211669922
2024-10-23 00:00:00-04:00,86.02192687988281
2024-10-24 00:00:00-04:00,85.83869171142578
2024-10-25 00:00:00-04:00,84.67181396484375
2024-10-28 00:00:00-04:00,84.98041534423828
2024-10-29 00:00:00-04:00,82.9455795288086
2024-10-30 00:00:00-04:00,83.52420806884766
2024-10-31 00:00:00-04:00,84.00638580322266
2024-11-01 00:00:00-04:00,82.8202133178711
2024-11-04 00:00:00-05:00,82.9552230834961
2024-11-05 00:00:00-05:00,84.53679656982422
2024-11-06 00:00:00-05:00,84.64286804199219
2024-11-07 00:00:00-05:00,83.46634674072266
2024-11-08 00:00:00-05:00,86.9766616821289
2024-11-11 00:00:00-05:00,89.011474609375
2024-11-12 00:00:00-05:00,88.75108337402344
2024-11-13 00:00:00-05:00,88.13389587402344
2024-11-14 00:00:00-05:00,86.52340698242188
2024-11-15 00:00:00-05:00,87.96995544433594
2024-11-18 00:00:00-05:00,89.0596923828125
2024-11-19 00:00:00-05:00,88.837890625
2024-11-20 00:00:00-05:00,88.95362854003906
2024-11-21 00:00:00-05:00,90.62198638916016
2024-11-22 00:00:00-05:00,90.4676742553711
2024-11-25 00:00:00-05:00,90.19764709472656
2024-11-26 00:00:00-05:00,90.91128540039062
2024-11-27 00:00:00-05:00,91.59599304199219
2024-11-29 00:00:00-05:00,91.02701568603516
2024-12-02 00:00:00-05:00,89.57081604003906
2024-12-03 00:00:00-05:00,88.52928924560547
2024-12-04 00:00:00-05:00,89.13684844970703
2024-12-05 00:00:00-05:00,88.99217987060547
2024-12-06 00:00:00-05:00,88.5196533203125
2024-12-09 00:00:00-05:00,87.92173767089844
2024-12-10 00:00:00-05:00,87.98924255371094
2024-12-11 00:00:00-05:00,87.28975677490234
2024-12-12 00:00:00-05:00,87.23147583007812
2024-12-13 00:00:00-05:00,87.28004455566406
2024-12-16 00:00:00-05:00,86.20167541503906
2024-12-17 00:00:00-05:00,86.1530990600586
2024-12-18 00:00:00-05:00,84.45297241210938
2024-12-19 00:00:00-05:00,86.04623413085938
2024-12-20 00:00:00-05:00,86.7457275390625
2024-12-23 00:00:00-05:00,87.13432312011719
2024-12-24 00:00:00-05:00,88.30011749267578
2024-12-26 00:00:00-05:00,88.10582733154297
2024-12-27 00:00:00-05:00,87.55207061767578
2024-12-30 00:00:00-05:00,87.06632232666016
2024-12-31 00:00:00-05:00,86.59999084472656
2025-01-02 00:00:00-05:00,86.45426177978516
2025-01-03 00:00:00-05:00,86.31825256347656
2025-01-06 00:00:00-05:00,84.3946762084961
2025-01-07 00:00:00-05:00,85.45362091064453
2025-01-08 00:00:00-05:00,86.69715118408203
2025-01-10 00:00:00-05:00,85.53133392333984
2025-01-13 00:00:00-05:00,86.27938842773438
2025-01-14 00:00:00-05:00,86.85259246826172
2025-01-15 00:00:00-05:00,88.5235824584961
2025-01-16 00:00:00-05:00,91.18550109863281
2025-01-17 00:00:00-05:00,91.48665618896484
2025-01-21 00:00:00-05:00,93.49768829345703
2025-01-22 00:00:00-05:00,90.69003295898438
2025-01-23 00:00:00-05:00,90.65116882324219
2025-01-24 00:00:00-05:00,91.43809509277344
2025-01-27 00:00:00-05:00,91.44780731201172
2025-01-28 00:00:00-05:00,90.56372833251953
2025-01-29 00:00:00-05:00,90.14598846435547
2025-01-30 00:00:00-05:00,91.42837524414062
2025-01-31 00:00:00-05:00,91.51580810546875
2025-02-03 00:00:00-05:00,93.27423858642578
2025-02-04 00:00:00-05:00,92.76905059814453
2025-02-05 00:00:00-05:00,93.86686706542969
2025-02-06 00:00:00-05:00,93.99314880371094
2025-02-07 00:00:00-05:00,94.32345581054688
2025-02-10 00:00:00-05:00,94.43032836914062
2025-02-11 00:00:00-05:00,95.38240051269531
2025-02-12 00:00:00-05:00,94.48861694335938
2025-02-13 00:00:00-05:00,95.46983337402344
2025-02-14 00:00:00-05:00,95.27554321289062
2025-02-18 00:00:00-05:00,95.537841796875
2025-02-19 00:00:00-05:00,95.11038208007812
2025-02-20 00:00:00-05:00,94.4400405883789
2025-02-21 00:00:00-05:00,95.73214721679688
2025-02-24 00:00:00-05:00,96.0235824584961
2025-02-25 00:00:00-05:00,96.57734680175781
2025-02-26 00:00:00-05:00,96.49962615966797
2025-02-27 00:00:00-05:00,96.63565063476562
2025-02-28 00:00:00-05:00,98.66609191894531
2025-03-03 00:00:00-05:00,100.7159652709961
2025-03-04 00:00:00-05:00,97.15054321289062
2025-03-05 00:00:00-05:00,95.91674041748047
2025-03-06 00:00:00-05:00,94.37203979492188
2025-03-07 00:00:00-05:00,95.78071594238281
2025-03-10 00:00:00-04:00,96.42190551757812
2025-03-11 00:00:00-04:00,95.76631927490234
2025-03-12 00:00:00-04:00,95.35533905029297
2025-03-13 00:00:00-04:00,95.85437774658203
2025-03-14 00:00:00-04:00,96.98944854736328
2025-03-17 00:00:00-04:00,98.5648422241211
2025-03-18 00:00:00-04:00,97.7037582397461
2025-03-19 00:00:00-04:00,97.90923309326172
2025-03-20 00:00:00-04:00,97.82117462158203
2025-03-21 00:00:00-04:00,96.78396606445312
2025-03-24 00:00:00-04:00,96.68610382080078
2025-03-25 00:00:00-04:00,95.09114074707031
2025-03-26 00:00:00-04:00,96.75460052490234
2025-03-27 00:00:00-04:00,96.50997924804688
2025-03-28 00:00:00-04:00,97.55697631835938
2025-03-31 00:00:00-04:00,98.24193572998047
2025-04-01 00:00:00-04:00,98.5061264038086
2025-04-02 00:00:00-04:00,98.6724624633789
2025-04-03 00:00:00-04:00,99.49441528320312
2025-04-04 00:00:00-04:00,93.73101806640625
2025-04-07 00:00:00-04:00,92.31218719482422
2025-04-08 00:00:00-04:00,92.20455932617188
2025-04-09 00:00:00-04:00,94.27899169921875
2025-04-10 00:00:00-04:00,94.64102935791016
2025-04-11 00:00:00-04:00,95.4336166381836
2025-04-14 00:00:00-04:00,96.8818130493164
2025-04-15 00:00:00-04:00,96.90137481689453
2025-04-16 00:00:00-04:00,95.89351654052734
2025-04-17 00:00:00-04:00,96.529541015625
2025-04-21 00:00:00-04:00,94.40619659423828
2025-04-22 00:00:00-04:00,97.01880645751953
2025-04-23 00:00:00-04:00,96.50997924804688
2025-04-24 00:00:00-04:00,96.79374694824219
2025-04-25 00:00:00-04:00,96.1675033569336
2025-04-28 00:00:00-04:00,96.76438903808594
2025-04-29 00:00:00-04:00,97.0775146484375
2025-04-30 00:00:00-04:00,97.10686492919922
2025-05-01 00:00:00-04:00,95.98158264160156
2025-05-02 00:00:00-04:00,97.34171295166016
2025-05-05 00:00:00-04:00,97.41020965576172
2025-05-06 00:00:00-04:00,97.32213592529297
2025-05-07 00:00:00-04:00,97.40042114257812
2025-05-08 00:00:00-04:00,95.58039855957031
2025-05-09 00:00:00-04:00,95.3064193725586
2025-05-12 00:00:00-04:00,93.36897277832031
2025-05-13 00:00:00-04:00,92.2926254272461
2025-05-14 00:00:00-04:00,92.96778869628906
2025-05-15 00:00:00-04:00,94.73888397216797
2025-05-16 00:00:00-04:00,95.9130859375
2025-05-19 00:00:00-04:00,96.8426742553711
2025-05-20 00:00:00-04:00,96.46105194091797
2025-05-21 00:00:00-04:00,94.4257583618164
2025-05-22 00:00:00-04:00,93.34941101074219
2025-05-23 00:00:00-04:00,94.23006439208984
2025-05-27 00:00:00-04:00,94.61167907714844
2025-05-28 00:00:00-04:00,93.27112579345703
2025-05-29 00:00:00-04:00,94.10285186767578
2025-05-30 00:00:00-04:00,94.79759216308594
2025-06-02 00:00:00-04:00,95.0617904663086
2025-06-03 00:00:00-04:00,95.22813415527344
2025-06-04 00:00:00-04:00,94.4257583618164
2025-06-05 00:00:00-04:00,93.95606994628906
2025-06-06 00:00:00-04:00,93.97564697265625
2025-06-09 00:00:00-04:00,93.86801147460938
2025-06-10 00:00:00-04:00,94.28205108642578
2025-06-11 00:00:00-04:00,94.48906707763672
2025-06-12 00:00:00-04:00,95.79032135009766
2025-06-13 00:00:00-04:00,94.34119415283203
2025-06-16 00:00:00-04:00,93.46383666992188
2025-06-17 00:00:00-04:00,93.03993225097656
2025-06-18 00:00:00-04:00,93.0793685913086
2025-06-20 00:00:00-04:00,93.34554290771484
2025-06-23 00:00:00-04:00,94.64679718017578
2025-06-24 00:00:00-04:00,95.0016860961914
2025-06-25 00:00:00-04:00,93.74971771240234
2025-06-26 00:00:00-04:00,94.0257339477539
2025-06-27 00:00:00-04:00,93.95673370361328
2025-06-30 00:00:00-04:00,94.6763687133789
2025-07-01 00:00:00-04:00,95.02140045166016
2025-07-02 00:00:00-04:00,94.12432861328125
2025-07-03 00:00:00-04:00,94.65665435791016
2025-07-07 00:00:00-04:00,94.56793212890625
2025-07-08 00:00:00-04:00,93.65113067626953
2025-07-09 00:00:00-04:00,93.8482894897461
2025-07-10 00:00:00-04:00,94.92282104492188
2025-07-11 00:00:00-04:00,94.83409118652344
2025-07-14 00:00:00-04:00,95.13970184326172
2025-07-15 00:00:00-04:00,94.39048767089844
2025-07-16 00:00:00-04:00,95.47486877441406
2025-07-17 00:00:00-04:00,95.89875793457031
2025-07-18 00:00:00-04:00,97.29859924316406
2025-07-21 00:00:00-04:00,97.89994049072266
2025-07-22 00:00:00-04:00,99.4870834350586
2025-07-23 00:00:00-04:00,98.50128173828125
2025-07-24 00:00:00-04:00,98.61957550048828
2025-07-25 00:00:00-04:00,98.67872619628906
2025-07-28 00:00:00-04:00,96.92399597167969
2025-07-29 00:00:00-04:00,98.40269470214844
2025-07-30 00:00:00-04:00,98.42240905761719
2025-07-31 00:00:00-04:00,99.69409942626953
2025-08-01 00:00:00-04:00,100.66018676757812
2025-08-04 00:00:00-04:00,101.79386138916016
2025-08-05 00:00:00-04:00,100.56160736083984
2025-08-06 00:00:00-04:00,100.1771469116211
2025-08-07 00:00:00-04:00,100.86720275878906
2025-08-08 00:00:00-04:00,99.95040893554688
2025-08-11 00:00:00-04:00,99.92082977294922
2025-08-12 00:00:00-04:00,99.76309967041016
2025-08-13 00:00:00-04:00,100.76862335205078
2025-08-14 00:00:00-04:00,99.9898452758789
2025-08-15 00:00:00-04:00,99.13219451904297
2025-08-18 00:00:00-04:00,98.53084564208984
2025-08-19 00:00:00-04:00,100.41373443603516
2025-08-20 00:00:00-04:00,100.54188537597656
2025-08-21 00:00:00-04:00,100.05884552001953
2025-08-22 00:00:00-04:00,100.50244903564453
2025-08-25 00:00:00-04:00,99.2997817993164
2025-08-26 00:00:00-04:00,99.40821075439453
2025-08-27 00:00:00-04:00,99.47722625732422
2025-08-28 00:00:00-04:00,98.3238296508789
2025-08-29 00:00:00-04:00,98.36326599121094
2025-09-02 00:00:00-04:00,98.30412292480469
2025-09-03 00:00:00-04:00,98.50128173828125
2025-09-04 00:00:00-04:00,99.44764709472656
2025-09-05 00:00:00-04:00,99.2011947631836
2025-09-08 00:00:00-04:00,98.57028198242188
2025-09-09 00:00:00-04:00,98.49085235595703
2025-09-10 00:00:00-04:00,98.58021545410156
2025-09-11 00:00:00-04:00,99.5929183959961
2025-09-12 00:00:00-04:00,100.06948852539062
2025-09-15 00:00:00-04:00,99.75177764892578
2025-09-16 00:00:00-04:00,97.85543060302734
2025-09-17 00:00:00-04:00,98.26250457763672
2025-09-18 00:00:00-04:00,97.95471954345703
2025-09-19 00:00:00-04:00,98.42135620117188
2025-09-22 00:00:00-04:00,98.38163757324219
2025-09-23 00:00:00-04:00,100.18863677978516
2025-09-24 00:00:00-04:00,100.12905883789062
2025-09-25 00:00:00-04:00,100.05956268310547
2025-09-26 00:00:00-04:00,101.37012481689453
2025-09-29 00:00:00-04:00,102.80976104736328
2025-09-30 00:00:00-04:00,103.63382720947266
2025-10-01 00:00:00-04:00,102.69062042236328
2025-10-02 00:00:00-04:00,102.18426513671875
2025-10-03 00:00:00-04:00,102.99839782714844
2025-10-06 00:00:00-04:00,104.1302490234375
2025-10-07 00:00:00-04:00,103.8621826171875
2025-10-08 00:00:00-04:00,102.95868682861328
2025-10-09 00:00:00-04:00,102.2636947631836
2025-10-10 00:00:00-04:00,102.92890167236328
2025-10-13 00:00:00-04:00,102.81968688964844
2025-10-14 00:00:00-04:00,103.48490142822266
2025-10-15 00:00:00-04:00,104.63660430908203
2025-10-16 00:00:00-04:00,104.45789337158203
2025-10-17 00:00:00-04:00,104.76567077636719
2025-10-20 00:00:00-04:00,104.93446350097656
2025-10-21 00:00:00-04:00,104.16996765136719
2025-10-22 00:00:00-04:00,104.62667846679688
2025-10-23 00:00:00-04:00,103.58418273925781
2025-10-24 00:00:00-04:00,103.53453826904297
2025-10-27 00:00:00-04:00,104.06075286865234
2025-10-28 00:00:00-04:00,102.58140563964844
2025-10-29 00:00:00-04:00,101.54883575439453
2025-10-30 00:00:00-04:00,101.9956283569336
2025-10-31 00:00:00-04:00,101.29069519042969
2025-11-03 00:00:00-05:00,100.81413269042969
2025-11-04 00:00:00-05:00,101.18148803710938
2025-11-05 00:00:00-05:00,100.55598449707031
2025-11-06 00:00:00-05:00,101.28076934814453
2025-11-07 00:00:00-05:00,103.90190124511719
2025-11-10 00:00:00-05:00,103.59410858154297
2025-11-11 00:00:00-05:00,104.43804168701172
2025-11-12 00:00:00-05:00,104.96424865722656
2025-11-13 00:00:00-05:00,104.02103424072266
2025-11-14 00:00:00-05:00,104.26924896240234
2025-11-17 00:00:00-05:00,104.61675262451172
2025-11-18 00:00:00-05:00,104.15010833740234
2025-11-19 00:00:00-05:00,102.2537612915039
2025-11-20 00:00:00-05:00,102.72040557861328
2025-11-21 00:00:00-05:00,103.78275299072266
2025-11-24 00:00:00-05:00,104.0408935546875
2025-11-25 00:00:00-05:00,104.16996765136719
2025-11-26 00:00:00-05:00,105.26210021972656
2025-11-28 00:00:00-05:00,105.5897445678711
2025-12-01 00:00:00-05:00,102.2636947631836
2025-12-02 00:00:00-05:00,100.78434753417969
2025-12-03 00:00:00-05:00,100.74462890625
2025-12-04 00:00:00-05:00,100.12905883789062
2025-12-05 00:00:00-05:00,99.1461410522461
2025-12-08 00:00:00-05:00,98.61000061035156
2025-12-09 00:00:00-05:00,98.33999633789062
2025-12-10 00:00:00-05:00,97.7699966430664
2025-12-11 00:00:00-05:00,97.25
2025-12-12 00:00:00-05:00,97.2699966430664
2025-12-15 00:00:00-05:00,98.87000274658203
2025-12-16 00:00:00-05:00,97.98999786376953
2025-12-17 00:00:00-05:00,98.52999877929688
2025-12-18 00:00:00-05:00,99.19999694824219
2025-12-19 00:00:00-05:00,98.4800033569336
2025-12-22 00:00:00-05:00,99.45999908447266
2025-12-23 00:00:00-05:00,99.3499984741211
2025-12-24 00:00:00-05:00,99.83999633789062
2025-12-26 00:00:00-05:00,99.80999755859375
2025-12-29 00:00:00-05:00,100.26000213623047
2025-12-30 00:00:00-05:00,100.73999786376953
2025-12-31 00:00:00-05:00,99.86000061035156
2026-01-02 00:00:00-05:00,100.86000061035156
2026-01-05 00:00:00-05:00,99.5999984741211
2026-01-06 00:00:00-05:00,100.61000061035156
2026-01-07 00:00:00-05:00,99.06999969482422
2026-01-08 00:00:00-05:00,99.54000091552734
2026-01-09 00:00:00-05:00,99.91000366210938
2026-01-12 00:00:00-05:00,100.19999694824219
2026-01-13 00:00:00-05:00,101.43000030517578
2026-01-14 00:00:00-05:00,102.54000091552734
