date,close
2018-01-02 00:00:00-05:00,27.623558044433594
2018-01-03 00:00:00-05:00,27.483684539794922
2018-01-04 00:00:00-05:00,27.93277931213379
2018-01-05 00:00:00-05:00,28.0211238861084
2018-01-08 00:00:00-05:00,27.623558044433594
2018-01-09 00:00:00-05:00,27.527851104736328
2018-01-10 00:00:00-05:00,27.11556053161621
2018-01-11 00:00:00-05:00,27.064023971557617
2018-01-12 00:00:00-05:00,27.0272159576416
2018-01-16 00:00:00-05:00,27.071382522583008
2018-01-17 00:00:00-05:00,27.432146072387695
2018-01-18 00:00:00-05:00,27.358516693115234
2018-01-19 00:00:00-05:00,27.807619094848633
2018-01-22 00:00:00-05:00,27.807619094848633
2018-01-23 00:00:00-05:00,27.770814895629883
2018-01-24 00:00:00-05:00,27.682470321655273
2018-01-25 00:00:00-05:00,28.006406784057617
2018-01-26 00:00:00-05:00,28.345069885253906
2018-01-29 00:00:00-05:00,28.288066864013672
2018-01-30 00:00:00-05:00,28.028961181640625
2018-01-31 00:00:00-05:00,28.132606506347656
2018-02-01 00:00:00-05:00,27.84386444091797
2018-02-02 00:00:00-05:00,27.17757225036621
2018-02-05 00:00:00-05:00,26.392820358276367
2018-02-06 00:00:00-05:00,26.437238693237305
2018-02-07 00:00:00-05:00,26.57049560546875
2018-02-08 00:00:00-05:00,26.274362564086914
2018-02-09 00:00:00-05:00,26.326190948486328
2018-02-12 00:00:00-05:00,26.42983055114746
2018-02-13 00:00:00-05:00,26.259553909301758
2018-02-14 00:00:00-05:00,26.311386108398438
2018-02-15 00:00:00-05:00,26.918458938598633
2018-02-16 00:00:00-05:00,26.837018966674805
2018-02-20 00:00:00-05:00,26.711164474487305
2018-02-21 00:00:00-05:00,26.42243194580078
2018-02-22 00:00:00-05:00,26.607524871826172
2018-02-23 00:00:00-05:00,26.85922622680664
2018-02-26 00:00:00-05:00,27.044309616088867
2018-02-27 00:00:00-05:00,26.800004959106445
2018-02-28 00:00:00-05:00,26.74817657470703
2018-03-01 00:00:00-05:00,26.94806671142578
2018-03-02 00:00:00-05:00,27.296024322509766
2018-03-05 00:00:00-05:00,27.97713279724121
2018-03-06 00:00:00-05:00,28.3472900390625
2018-03-07 00:00:00-05:00,27.96232032775879
2018-03-08 00:00:00-05:00,28.1177921295166
2018-03-09 00:00:00-05:00,28.177011489868164
2018-03-12 00:00:00-04:00,28.169612884521484
2018-03-13 00:00:00-04:00,28.154802322387695
2018-03-14 00:00:00-04:00,27.732824325561523
2018-03-15 00:00:00-04:00,26.933263778686523
2018-03-16 00:00:00-04:00,27.10354232788086
2018-03-19 00:00:00-04:00,26.90364646911621
2018-03-20 00:00:00-04:00,26.955472946166992
2018-03-21 00:00:00-04:00,26.16331672668457
2018-03-22 00:00:00-04:00,26.244754791259766
2018-03-23 00:00:00-04:00,26.281770706176758
2018-03-26 00:00:00-04:00,26.918458938598633
2018-03-27 00:00:00-04:00,26.874038696289062
2018-03-28 00:00:00-04:00,26.888843536376953
2018-03-29 00:00:00-04:00,27.30343246459961
2018-04-02 00:00:00-04:00,26.57049560546875
2018-04-03 00:00:00-04:00,26.785194396972656
2018-04-04 00:00:00-04:00,27.39967155456543
2018-04-05 00:00:00-04:00,27.25160026550293
2018-04-06 00:00:00-04:00,27.199785232543945
2018-04-09 00:00:00-04:00,27.22199249267578
2018-04-10 00:00:00-04:00,27.28121566772461
2018-04-11 00:00:00-04:00,27.199785232543945
2018-04-12 00:00:00-04:00,27.22939682006836
2018-04-13 00:00:00-04:00,27.24419403076172
2018-04-16 00:00:00-04:00,27.547733306884766
2018-04-17 00:00:00-04:00,27.769834518432617
2018-04-18 00:00:00-04:00,27.51812744140625
2018-04-19 00:00:00-04:00,27.14055633544922
2018-04-20 00:00:00-04:00,26.97028160095215
2018-04-23 00:00:00-04:00,27.02210235595703
2018-04-24 00:00:00-04:00,27.259004592895508
2018-04-25 00:00:00-04:00,27.50331687927246
2018-04-26 00:00:00-04:00,27.6958065032959
2018-04-27 00:00:00-04:00,27.802276611328125
2018-04-30 00:00:00-04:00,27.601242065429688
2018-05-01 00:00:00-04:00,27.221515655517578
2018-05-02 00:00:00-04:00,26.759872436523438
2018-05-03 00:00:00-04:00,26.670536041259766
2018-05-04 00:00:00-04:00,27.489561080932617
2018-05-07 00:00:00-04:00,27.824621200561523
2018-05-08 00:00:00-04:00,27.846956253051758
2018-05-09 00:00:00-04:00,28.04798698425293
2018-05-10 00:00:00-04:00,28.114990234375
2018-05-11 00:00:00-04:00,28.182003021240234
2018-05-14 00:00:00-04:00,28.1075496673584
2018-05-15 00:00:00-04:00,28.085224151611328
2018-05-16 00:00:00-04:00,28.129886627197266
2018-05-17 00:00:00-04:00,28.085224151611328
2018-05-18 00:00:00-04:00,27.861846923828125
2018-05-21 00:00:00-04:00,27.482105255126953
2018-05-22 00:00:00-04:00,27.452329635620117
2018-05-23 00:00:00-04:00,27.511892318725586
2018-05-24 00:00:00-04:00,27.593795776367188
2018-05-25 00:00:00-04:00,27.854393005371094
2018-05-29 00:00:00-04:00,27.817171096801758
2018-05-30 00:00:00-04:00,28.1075496673584
2018-05-31 00:00:00-04:00,27.593795776367188
2018-06-01 00:00:00-04:00,27.50445556640625
2018-06-04 00:00:00-04:00,27.980974197387695
2018-06-05 00:00:00-04:00,27.824621200561523
2018-06-06 00:00:00-04:00,27.586355209350586
2018-06-07 00:00:00-04:00,27.683143615722656
2018-06-08 00:00:00-04:00,28.100101470947266
2018-06-11 00:00:00-04:00,28.040538787841797
2018-06-12 00:00:00-04:00,28.07032585144043
2018-06-13 00:00:00-04:00,28.2564697265625
2018-06-14 00:00:00-04:00,28.44261360168457
2018-06-15 00:00:00-04:00,28.66597557067871
2018-06-18 00:00:00-04:00,28.24901580810547
2018-06-19 00:00:00-04:00,28.517066955566406
2018-06-20 00:00:00-04:00,28.62874984741211
2018-06-21 00:00:00-04:00,28.502166748046875
2018-06-22 00:00:00-04:00,28.70320701599121
2018-06-25 00:00:00-04:00,28.993587493896484
2018-06-26 00:00:00-04:00,28.464941024780273
2018-06-27 00:00:00-04:00,26.39504051208496
2018-06-28 00:00:00-04:00,26.677974700927734
2018-06-29 00:00:00-04:00,26.603519439697266
2018-07-02 00:00:00-04:00,26.082317352294922
2018-07-03 00:00:00-04:00,25.79193687438965
2018-07-05 00:00:00-04:00,26.744985580444336
2018-07-06 00:00:00-04:00,26.603519439697266
2018-07-09 00:00:00-04:00,27.13216209411621
2018-07-10 00:00:00-04:00,27.266183853149414
2018-07-11 00:00:00-04:00,27.20662498474121
2018-07-12 00:00:00-04:00,26.849224090576172
2018-07-13 00:00:00-04:00,26.856678009033203
2018-07-16 00:00:00-04:00,26.573728561401367
2018-07-17 00:00:00-04:00,26.88645362854004
2018-07-18 00:00:00-04:00,26.573728561401367
2018-07-19 00:00:00-04:00,27.013031005859375
2018-07-20 00:00:00-04:00,26.916236877441406
2018-07-23 00:00:00-04:00,26.7300968170166
2018-07-24 00:00:00-04:00,26.506715774536133
2018-07-25 00:00:00-04:00,26.968368530273438
2018-07-26 00:00:00-04:00,27.616138458251953
2018-07-27 00:00:00-04:00,27.765056610107422
2018-07-30 00:00:00-04:00,27.340444564819336
2018-07-31 00:00:00-04:00,27.49022102355957
2018-08-01 00:00:00-04:00,27.228118896484375
2018-08-02 00:00:00-04:00,27.60254669189453
2018-08-03 00:00:00-04:00,28.15670394897461
2018-08-06 00:00:00-04:00,28.051849365234375
2018-08-07 00:00:00-04:00,27.639989852905273
2018-08-08 00:00:00-04:00,27.43031120300293
2018-08-09 00:00:00-04:00,27.54263687133789
2018-08-10 00:00:00-04:00,27.445297241210938
2018-08-13 00:00:00-04:00,27.377899169921875
2018-08-14 00:00:00-04:00,27.610034942626953
2018-08-15 00:00:00-04:00,27.752317428588867
2018-08-16 00:00:00-04:00,27.842180252075195
2018-08-17 00:00:00-04:00,28.06683349609375
2018-08-20 00:00:00-04:00,28.08930206298828
2018-08-21 00:00:00-04:00,28.096786499023438
2018-08-22 00:00:00-04:00,27.872135162353516
2018-08-23 00:00:00-04:00,27.49022102355957
2018-08-24 00:00:00-04:00,27.595062255859375
2018-08-27 00:00:00-04:00,27.31798553466797
2018-08-28 00:00:00-04:00,27.205656051635742
2018-08-29 00:00:00-04:00,27.452775955200195
2018-08-30 00:00:00-04:00,27.332962036132812
2018-08-31 00:00:00-04:00,27.520177841186523
2018-09-04 00:00:00-04:00,27.048398971557617
2018-09-05 00:00:00-04:00,27.033422470092773
2018-09-06 00:00:00-04:00,27.1457462310791
2018-09-07 00:00:00-04:00,27.205656051635742
2018-09-10 00:00:00-04:00,27.422826766967773
2018-09-11 00:00:00-04:00,27.669939041137695
2018-09-12 00:00:00-04:00,28.149206161499023
2018-09-13 00:00:00-04:00,28.441259384155273
2018-09-14 00:00:00-04:00,28.643447875976562
2018-09-17 00:00:00-04:00,28.598512649536133
2018-09-18 00:00:00-04:00,28.26902198791504
2018-09-19 00:00:00-04:00,27.72235870361328
2018-09-20 00:00:00-04:00,27.842180252075195
2018-09-21 00:00:00-04:00,28.04436492919922
2018-09-24 00:00:00-04:00,27.5351505279541
2018-09-25 00:00:00-04:00,27.108304977416992
2018-09-26 00:00:00-04:00,27.003467559814453
2018-09-27 00:00:00-04:00,24.69701385498047
2018-09-28 00:00:00-04:00,25.438379287719727
2018-10-01 00:00:00-04:00,25.048973083496094
2018-10-02 00:00:00-04:00,25.019025802612305
2018-10-03 00:00:00-04:00,25.033998489379883
2018-10-04 00:00:00-04:00,25.116369247436523
2018-10-05 00:00:00-04:00,25.1538143157959
2018-10-08 00:00:00-04:00,25.94759178161621
2018-10-09 00:00:00-04:00,26.63653564453125
2018-10-10 00:00:00-04:00,26.411880493164062
2018-10-11 00:00:00-04:00,26.112340927124023
2018-10-12 00:00:00-04:00,26.46429443359375
2018-10-15 00:00:00-04:00,26.99598503112793
2018-10-16 00:00:00-04:00,26.862646102905273
2018-10-17 00:00:00-04:00,26.59146499633789
2018-10-18 00:00:00-04:00,26.689388275146484
2018-10-19 00:00:00-04:00,26.998241424560547
2018-10-22 00:00:00-04:00,27.292034149169922
2018-10-23 00:00:00-04:00,27.42762565612793
2018-10-24 00:00:00-04:00,27.985071182250977
2018-10-25 00:00:00-04:00,27.397489547729492
2018-10-26 00:00:00-04:00,26.68185806274414
2018-10-29 00:00:00-04:00,27.08863639831543
2018-10-30 00:00:00-04:00,27.405019760131836
2018-10-31 00:00:00-04:00,26.81745147705078
2018-11-01 00:00:00-04:00,26.832517623901367
2018-11-02 00:00:00-04:00,26.365468978881836
2018-11-05 00:00:00-05:00,26.365468978881836
2018-11-06 00:00:00-05:00,26.41066551208496
2018-11-07 00:00:00-05:00,26.199739456176758
2018-11-08 00:00:00-05:00,25.95868682861328
2018-11-09 00:00:00-05:00,25.905961990356445
2018-11-12 00:00:00-05:00,26.553794860839844
2018-11-13 00:00:00-05:00,26.508596420288086
2018-11-14 00:00:00-05:00,24.587684631347656
2018-11-15 00:00:00-05:00,24.42195701599121
2018-11-16 00:00:00-05:00,24.911602020263672
2018-11-19 00:00:00-05:00,25.175249099731445
2018-11-20 00:00:00-05:00,25.03213119506836
2018-11-21 00:00:00-05:00,24.776004791259766
2018-11-23 00:00:00-05:00,25.00200080871582
2018-11-26 00:00:00-05:00,24.557554244995117
2018-11-27 00:00:00-05:00,24.308963775634766
2018-11-28 00:00:00-05:00,24.42949104309082
2018-11-29 00:00:00-05:00,24.308963775634766
2018-11-30 00:00:00-05:00,24.3616943359375
2018-12-03 00:00:00-05:00,24.42949104309082
2018-12-04 00:00:00-05:00,24.16583824157715
2018-12-06 00:00:00-05:00,23.819318771362305
2018-12-07 00:00:00-05:00,23.231746673583984
2018-12-10 00:00:00-05:00,22.90782928466797
2018-12-11 00:00:00-05:00,23.058488845825195
2018-12-12 00:00:00-05:00,23.04342269897461
2018-12-13 00:00:00-05:00,22.885225296020508
2018-12-14 00:00:00-05:00,22.516115188598633
2018-12-17 00:00:00-05:00,21.853208541870117
2018-12-18 00:00:00-05:00,21.514223098754883
2018-12-19 00:00:00-05:00,21.913471221923828
2018-12-20 00:00:00-05:00,18.290102005004883
2018-12-21 00:00:00-05:00,16.685575485229492
2018-12-24 00:00:00-05:00,15.789148330688477
2018-12-26 00:00:00-05:00,16.14320182800293
2018-12-27 00:00:00-05:00,15.985011100769043
2018-12-28 00:00:00-05:00,15.954879760742188
2018-12-31 00:00:00-05:00,16.090469360351562
2019-01-02 00:00:00-05:00,16.06787109375
2019-01-03 00:00:00-05:00,16.241127014160156
2019-01-04 00:00:00-05:00,16.467121124267578
2019-01-07 00:00:00-05:00,16.80610466003418
2019-01-08 00:00:00-05:00,16.150733947753906
2019-01-09 00:00:00-05:00,16.10553550720215
2019-01-10 00:00:00-05:00,16.17333221435547
2019-01-11 00:00:00-05:00,16.278797149658203
2019-01-14 00:00:00-05:00,15.706286430358887
2019-01-15 00:00:00-05:00,15.909674644470215
2019-01-16 00:00:00-05:00,15.947340965270996
2019-01-17 00:00:00-05:00,16.000070571899414
2019-01-18 00:00:00-05:00,16.2486629486084
2019-01-22 00:00:00-05:00,16.158266067504883
2019-01-23 00:00:00-05:00,16.17333221435547
2019-01-24 00:00:00-05:00,15.932275772094727
2019-01-25 00:00:00-05:00,15.826814651489258
2019-01-28 00:00:00-05:00,16.03774070739746
2019-01-29 00:00:00-05:00,16.275903701782227
2019-01-30 00:00:00-05:00,16.31395721435547
2019-01-31 00:00:00-05:00,16.466129302978516
2019-02-01 00:00:00-05:00,16.28350830078125
2019-02-04 00:00:00-05:00,16.48896026611328
2019-02-05 00:00:00-05:00,16.808544158935547
2019-02-06 00:00:00-05:00,16.67918586730957
2019-02-07 00:00:00-05:00,16.907459259033203
2019-02-08 00:00:00-05:00,16.884632110595703
2019-02-11 00:00:00-05:00,17.356399536132812
2019-02-12 00:00:00-05:00,18.056434631347656
2019-02-13 00:00:00-05:00,17.919469833374023
2019-02-14 00:00:00-05:00,18.048828125
2019-02-15 00:00:00-05:00,18.64234161376953
2019-02-19 00:00:00-05:00,18.26949119567871
2019-02-20 00:00:00-05:00,18.28470802307129
2019-02-21 00:00:00-05:00,18.315149307250977
2019-02-22 00:00:00-05:00,17.790119171142578
2019-02-25 00:00:00-05:00,17.736858367919922
2019-02-26 00:00:00-05:00,17.774900436401367
2019-02-27 00:00:00-05:00,17.569454193115234
2019-02-28 00:00:00-05:00,17.782506942749023
2019-03-01 00:00:00-05:00,17.698806762695312
2019-03-04 00:00:00-05:00,17.630327224731445
2019-03-05 00:00:00-05:00,17.402055740356445
2019-03-06 00:00:00-05:00,17.417272567749023
2019-03-07 00:00:00-05:00,17.021595001220703
2019-03-08 00:00:00-05:00,17.097684860229492
2019-03-11 00:00:00-04:00,17.424880981445312
2019-03-12 00:00:00-04:00,17.3411865234375
2019-03-13 00:00:00-04:00,17.531414031982422
2019-03-14 00:00:00-04:00,17.569454193115234
2019-03-15 00:00:00-04:00,17.569454193115234
2019-03-18 00:00:00-04:00,17.554235458374023
2019-03-19 00:00:00-04:00,17.356399536132812
2019-03-20 00:00:00-04:00,17.424880981445312
2019-03-21 00:00:00-04:00,19.64674186706543
2019-03-22 00:00:00-04:00,20.12611961364746
2019-03-25 00:00:00-04:00,20.818544387817383
2019-03-26 00:00:00-04:00,20.635929107666016
2019-03-27 00:00:00-04:00,20.635929107666016
2019-03-28 00:00:00-04:00,21.107694625854492
2019-03-29 00:00:00-04:00,21.107694625854492
2019-04-01 00:00:00-04:00,21.02399253845215
2019-04-02 00:00:00-04:00,20.841371536254883
2019-04-03 00:00:00-04:00,20.902246475219727
2019-04-04 00:00:00-04:00,21.145736694335938
2019-04-05 00:00:00-04:00,21.52619743347168
2019-04-08 00:00:00-04:00,21.53380584716797
2019-04-09 00:00:00-04:00,20.955516815185547
2019-04-10 00:00:00-04:00,22.363191604614258
2019-04-11 00:00:00-04:00,22.659954071044922
2019-04-12 00:00:00-04:00,22.63713264465332
2019-04-15 00:00:00-04:00,22.888227462768555
2019-04-16 00:00:00-04:00,22.895835876464844
2019-04-17 00:00:00-04:00,22.91866683959961
2019-04-18 00:00:00-04:00,23.223024368286133
2019-04-22 00:00:00-04:00,23.49695587158203
2019-04-23 00:00:00-04:00,23.504568099975586
2019-04-24 00:00:00-04:00,23.80132293701172
2019-04-25 00:00:00-04:00,23.55022430419922
2019-04-26 00:00:00-04:00,23.580652236938477
2019-04-29 00:00:00-04:00,23.26116180419922
2019-04-30 00:00:00-04:00,23.58295440673828
2019-05-01 00:00:00-04:00,23.092599868774414
2019-05-02 00:00:00-04:00,22.9470272064209
2019-05-03 00:00:00-04:00,22.993000030517578
2019-05-06 00:00:00-04:00,22.832101821899414
2019-05-07 00:00:00-04:00,22.37239646911621
2019-05-08 00:00:00-04:00,22.67120361328125
2019-05-09 00:00:00-04:00,22.395381927490234
2019-05-10 00:00:00-04:00,22.004627227783203
2019-05-13 00:00:00-04:00,21.53725814819336
2019-05-14 00:00:00-04:00,21.91269302368164
2019-05-15 00:00:00-04:00,22.21916389465332
2019-05-16 00:00:00-04:00,22.295778274536133
2019-05-17 00:00:00-04:00,22.280452728271484
2019-05-20 00:00:00-04:00,21.820749282836914
2019-05-21 00:00:00-04:00,21.88204002380371
2019-05-22 00:00:00-04:00,21.797761917114258
2019-05-23 00:00:00-04:00,22.134878158569336
2019-05-24 00:00:00-04:00,22.088909149169922
2019-05-28 00:00:00-04:00,21.805423736572266
2019-05-29 00:00:00-04:00,20.87834930419922
2019-05-30 00:00:00-04:00,20.57953643798828
2019-05-31 00:00:00-04:00,20.51058578491211
2019-06-03 00:00:00-04:00,21.085216522216797
2019-06-04 00:00:00-04:00,21.92801856994629
2019-06-05 00:00:00-04:00,22.410703659057617
2019-06-06 00:00:00-04:00,22.717178344726562
2019-06-07 00:00:00-04:00,22.70185089111328
2019-06-10 00:00:00-04:00,22.48732566833496
2019-06-11 00:00:00-04:00,22.832101821899414
2019-06-12 00:00:00-04:00,22.640554428100586
2019-06-13 00:00:00-04:00,22.832101821899414
2019-06-14 00:00:00-04:00,22.893394470214844
2019-06-17 00:00:00-04:00,22.47966194152832
2019-06-18 00:00:00-04:00,22.20383644104004
2019-06-19 00:00:00-04:00,22.403039932250977
2019-06-20 00:00:00-04:00,22.37239646911621
2019-06-21 00:00:00-04:00,22.004627227783203
2019-06-24 00:00:00-04:00,21.529598236083984
2019-06-25 00:00:00-04:00,22.134878158569336
2019-06-26 00:00:00-04:00,22.165525436401367
2019-06-27 00:00:00-04:00,19.483901977539062
2019-06-28 00:00:00-04:00,20.319034576416016
2019-07-01 00:00:00-04:00,20.610187530517578
2019-07-02 00:00:00-04:00,20.43396759033203
2019-07-03 00:00:00-04:00,21.652183532714844
2019-07-05 00:00:00-04:00,21.49895668029785
2019-07-08 00:00:00-04:00,21.81308364868164
2019-07-09 00:00:00-04:00,21.45298194885254
2019-07-10 00:00:00-04:00,21.713481903076172
2019-07-11 00:00:00-04:00,21.054567337036133
2019-07-12 00:00:00-04:00,21.1541748046875
2019-07-15 00:00:00-04:00,21.085216522216797
2019-07-16 00:00:00-04:00,21.56024169921875
2019-07-17 00:00:00-04:00,22.188508987426758
2019-07-18 00:00:00-04:00,22.303442001342773
2019-07-19 00:00:00-04:00,22.142539978027344
2019-07-22 00:00:00-04:00,21.644527435302734
2019-07-23 00:00:00-04:00,22.37239646911621
2019-07-24 00:00:00-04:00,21.9356746673584
2019-07-25 00:00:00-04:00,21.866718292236328
2019-07-26 00:00:00-04:00,22.34174919128418
2019-07-29 00:00:00-04:00,22.39809226989746
2019-07-30 00:00:00-04:00,22.459836959838867
2019-07-31 00:00:00-04:00,22.28232192993164
2019-08-01 00:00:00-04:00,22.49070930480957
2019-08-02 00:00:00-04:00,21.819232940673828
2019-08-05 00:00:00-04:00,21.610843658447266
2019-08-06 00:00:00-04:00,21.33298683166504
2019-08-07 00:00:00-04:00,21.58768081665039
2019-08-08 00:00:00-04:00,21.765207290649414
2019-08-09 00:00:00-04:00,22.112516403198242
2019-08-12 00:00:00-04:00,22.135671615600586
2019-08-13 00:00:00-04:00,22.31319236755371
2019-08-14 00:00:00-04:00,21.688018798828125
2019-08-15 00:00:00-04:00,22.26688003540039
2019-08-16 00:00:00-04:00,22.745412826538086
2019-08-19 00:00:00-04:00,23.18534278869629
2019-08-20 00:00:00-04:00,22.135671615600586
2019-08-21 00:00:00-04:00,21.919570922851562
2019-08-22 00:00:00-04:00,22.228290557861328
2019-08-23 00:00:00-04:00,21.55681037902832
2019-08-26 00:00:00-04:00,22.08165168762207
2019-08-27 00:00:00-04:00,21.5413761138916
2019-08-28 00:00:00-04:00,21.958154678344727
2019-08-29 00:00:00-04:00,22.066207885742188
2019-08-30 00:00:00-04:00,21.888690948486328
2019-09-03 00:00:00-04:00,21.996746063232422
2019-09-04 00:00:00-04:00,22.29775619506836
2019-09-05 00:00:00-04:00,21.958154678344727
2019-09-06 00:00:00-04:00,22.1202392578125
2019-09-09 00:00:00-04:00,22.46755599975586
2019-09-10 00:00:00-04:00,22.72997283935547
2019-09-11 00:00:00-04:00,22.768564224243164
2019-09-12 00:00:00-04:00,22.96923828125
2019-09-13 00:00:00-04:00,23.054140090942383
2019-09-16 00:00:00-04:00,23.49407386779785
2019-09-17 00:00:00-04:00,23.131317138671875
2019-09-18 00:00:00-04:00,22.768564224243164
2019-09-19 00:00:00-04:00,22.89205551147461
2019-09-20 00:00:00-04:00,23.007823944091797
2019-09-23 00:00:00-04:00,22.305469512939453
2019-09-24 00:00:00-04:00,22.814870834350586
2019-09-25 00:00:00-04:00,23.077289581298828
2019-09-26 00:00:00-04:00,23.92628288269043
2019-09-27 00:00:00-04:00,23.370574951171875
2019-09-30 00:00:00-04:00,23.679304122924805
2019-10-01 00:00:00-04:00,22.75312042236328
2019-10-02 00:00:00-04:00,21.85010528564453
2019-10-03 00:00:00-04:00,21.58768081665039
2019-10-04 00:00:00-04:00,22.274600982666016
2019-10-07 00:00:00-04:00,22.097078323364258
2019-10-08 00:00:00-04:00,21.525938034057617
2019-10-09 00:00:00-04:00,21.68030548095703
2019-10-10 00:00:00-04:00,21.8809757232666
2019-10-11 00:00:00-04:00,21.927284240722656
2019-10-14 00:00:00-04:00,21.441036224365234
2019-10-15 00:00:00-04:00,20.900768280029297
2019-10-16 00:00:00-04:00,20.777278900146484
2019-10-17 00:00:00-04:00,21.14003562927246
2019-10-18 00:00:00-04:00,20.954795837402344
2019-10-21 00:00:00-04:00,21.194059371948242
2019-10-22 00:00:00-04:00,21.12459373474121
2019-10-23 00:00:00-04:00,21.30982780456543
2019-10-24 00:00:00-04:00,20.90848731994629
2019-10-25 00:00:00-04:00,20.777278900146484
2019-10-28 00:00:00-04:00,21.070566177368164
2019-10-29 00:00:00-04:00,21.217212677001953
2019-10-30 00:00:00-04:00,21.448760986328125
2019-10-31 00:00:00-04:00,21.038869857788086
2019-11-01 00:00:00-04:00,21.36553192138672
2019-11-04 00:00:00-05:00,21.591094970703125
2019-11-05 00:00:00-05:00,21.47441864013672
2019-11-06 00:00:00-05:00,21.653318405151367
2019-11-07 00:00:00-05:00,21.622207641601562
2019-11-08 00:00:00-05:00,21.342201232910156
2019-11-11 00:00:00-05:00,21.42776107788086
2019-11-12 00:00:00-05:00,21.451093673706055
2019-11-13 00:00:00-05:00,22.01887321472168
2019-11-14 00:00:00-05:00,22.11998176574707
2019-11-15 00:00:00-05:00,22.407756805419922
2019-11-18 00:00:00-05:00,22.594425201416016
2019-11-19 00:00:00-05:00,22.804420471191406
2019-11-20 00:00:00-05:00,22.936647415161133
2019-11-21 00:00:00-05:00,21.94886589050293
2019-11-22 00:00:00-05:00,22.34553337097168
2019-11-25 00:00:00-05:00,22.438867568969727
2019-11-26 00:00:00-05:00,22.602197647094727
2019-11-27 00:00:00-05:00,22.695537567138672
2019-11-29 00:00:00-05:00,22.45442771911621
2019-12-02 00:00:00-05:00,22.368867874145508
2019-12-03 00:00:00-05:00,22.24442481994629
2019-12-04 00:00:00-05:00,22.858869552612305
2019-12-05 00:00:00-05:00,22.38442611694336
2019-12-06 00:00:00-05:00,22.477754592895508
2019-12-09 00:00:00-05:00,22.788864135742188
2019-12-10 00:00:00-05:00,22.72665023803711
2019-12-11 00:00:00-05:00,22.26775550842285
2019-12-12 00:00:00-05:00,21.95664405822754
2019-12-13 00:00:00-05:00,22.073314666748047
2019-12-16 00:00:00-05:00,22.39997673034668
2019-12-17 00:00:00-05:00,22.703310012817383
2019-12-18 00:00:00-05:00,22.594425201416016
2019-12-19 00:00:00-05:00,26.179977416992188
2019-12-20 00:00:00-05:00,27.27664566040039
2019-12-23 00:00:00-05:00,26.459972381591797
2019-12-24 00:00:00-05:00,26.48331069946289
2019-12-26 00:00:00-05:00,26.203310012817383
2019-12-27 00:00:00-05:00,26.58441925048828
2019-12-30 00:00:00-05:00,26.475534439086914
2019-12-31 00:00:00-05:00,26.631080627441406
2020-01-02 00:00:00-05:00,26.156641006469727
2020-01-03 00:00:00-05:00,25.931081771850586
2020-01-06 00:00:00-05:00,26.07108497619629
2020-01-07 00:00:00-05:00,25.137752532958984
2020-01-08 00:00:00-05:00,24.787752151489258
2020-01-09 00:00:00-05:00,25.052196502685547
2020-01-10 00:00:00-05:00,24.756641387939453
2020-01-13 00:00:00-05:00,24.912199020385742
2020-01-14 00:00:00-05:00,25.005535125732422
2020-01-15 00:00:00-05:00,24.834421157836914
2020-01-16 00:00:00-05:00,25.1221981048584
2020-01-17 00:00:00-05:00,25.92331314086914
2020-01-21 00:00:00-05:00,25.479976654052734
2020-01-22 00:00:00-05:00,25.114423751831055
2020-01-23 00:00:00-05:00,25.425535202026367
2020-01-24 00:00:00-05:00,25.106643676757812
2020-01-27 00:00:00-05:00,25.301088333129883
2020-01-28 00:00:00-05:00,25.91552734375
2020-01-29 00:00:00-05:00,25.822202682495117
2020-01-30 00:00:00-05:00,26.0280818939209
2020-01-31 00:00:00-05:00,25.769750595092773
2020-02-03 00:00:00-05:00,25.785402297973633
2020-02-04 00:00:00-05:00,24.98695182800293
2020-02-05 00:00:00-05:00,25.57404899597168
2020-02-06 00:00:00-05:00,25.120027542114258
2020-02-07 00:00:00-05:00,25.010435104370117
2020-02-10 00:00:00-05:00,25.237451553344727
2020-02-11 00:00:00-05:00,25.675813674926758
2020-02-12 00:00:00-05:00,25.542741775512695
2020-02-13 00:00:00-05:00,25.503604888916016
2020-02-14 00:00:00-05:00,25.589710235595703
2020-02-18 00:00:00-05:00,24.016281127929688
2020-02-19 00:00:00-05:00,23.32741355895996
2020-02-20 00:00:00-05:00,23.39003562927246
2020-02-21 00:00:00-05:00,23.163026809692383
2020-02-24 00:00:00-05:00,22.881221771240234
2020-02-25 00:00:00-05:00,22.215843200683594
2020-02-26 00:00:00-05:00,21.088611602783203
2020-02-27 00:00:00-05:00,20.642419815063477
2020-02-28 00:00:00-05:00,20.892911911010742
2020-03-02 00:00:00-05:00,22.10624885559082
2020-03-03 00:00:00-05:00,21.660057067871094
2020-03-04 00:00:00-05:00,22.53679084777832
2020-03-05 00:00:00-05:00,22.28629493713379
2020-03-06 00:00:00-05:00,22.114076614379883
2020-03-09 00:00:00-04:00,21.54263687133789
2020-03-10 00:00:00-04:00,21.808786392211914
2020-03-11 00:00:00-04:00,20.986848831176758
2020-03-12 00:00:00-04:00,18.896770477294922
2020-03-13 00:00:00-04:00,19.405593872070312
2020-03-16 00:00:00-04:00,21.29996681213379
2020-03-17 00:00:00-04:00,23.32741355895996
2020-03-18 00:00:00-04:00,21.339111328125
2020-03-19 00:00:00-04:00,20.595449447631836
2020-03-20 00:00:00-04:00,20.39192008972168
2020-03-23 00:00:00-04:00,20.164905548095703
2020-03-24 00:00:00-04:00,20.767667770385742
2020-03-25 00:00:00-04:00,20.415407180786133
2020-03-26 00:00:00-04:00,21.80095863342285
2020-03-27 00:00:00-04:00,21.855756759643555
2020-03-30 00:00:00-04:00,22.098419189453125
2020-03-31 00:00:00-04:00,22.967329025268555
2020-04-01 00:00:00-04:00,23.296104431152344
2020-04-02 00:00:00-04:00,23.42918586730957
2020-04-03 00:00:00-04:00,24.43116569519043
2020-04-06 00:00:00-04:00,24.501617431640625
2020-04-07 00:00:00-04:00,23.83623695373535
2020-04-08 00:00:00-04:00,24.50944709777832
2020-04-09 00:00:00-04:00,25.4096622467041
2020-04-13 00:00:00-04:00,25.01826286315918
2020-04-14 00:00:00-04:00,26.098522186279297
2020-04-15 00:00:00-04:00,25.730609893798828
2020-04-16 00:00:00-04:00,26.200288772583008
2020-04-17 00:00:00-04:00,26.28639793395996
2020-04-20 00:00:00-04:00,26.521240234375
2020-04-21 00:00:00-04:00,26.482105255126953
2020-04-22 00:00:00-04:00,26.85001564025879
2020-04-23 00:00:00-04:00,26.59951400756836
2020-04-24 00:00:00-04:00,26.756078720092773
2020-04-27 00:00:00-04:00,27.08485221862793
2020-04-28 00:00:00-04:00,27.092683792114258
2020-04-29 00:00:00-04:00,26.94538688659668
2020-04-30 00:00:00-04:00,26.338903427124023
2020-05-01 00:00:00-04:00,26.212879180908203
2020-05-04 00:00:00-04:00,26.32315444946289
2020-05-05 00:00:00-04:00,26.29952049255371
2020-05-06 00:00:00-04:00,26.315275192260742
2020-05-07 00:00:00-04:00,26.12624168395996
2020-05-08 00:00:00-04:00,26.40190887451172
2020-05-11 00:00:00-04:00,26.315275192260742
2020-05-12 00:00:00-04:00,26.866628646850586
2020-05-13 00:00:00-04:00,26.819368362426758
2020-05-14 00:00:00-04:00,26.64609146118164
2020-05-15 00:00:00-04:00,26.91387939453125
2020-05-18 00:00:00-04:00,26.787853240966797
2020-05-19 00:00:00-04:00,26.023849487304688
2020-05-20 00:00:00-04:00,25.7796688079834
2020-05-21 00:00:00-04:00,25.40160369873047
2020-05-22 00:00:00-04:00,25.740293502807617
2020-05-26 00:00:00-04:00,25.95295524597168
2020-05-27 00:00:00-04:00,26.567319869995117
2020-05-28 00:00:00-04:00,26.7091007232666
2020-05-29 00:00:00-04:00,27.40222930908203
2020-06-01 00:00:00-04:00,27.347091674804688
2020-06-02 00:00:00-04:00,27.150178909301758
2020-06-03 00:00:00-04:00,26.504310607910156
2020-06-04 00:00:00-04:00,26.236509323120117
2020-06-05 00:00:00-04:00,26.32315444946289
2020-06-08 00:00:00-04:00,26.724849700927734
2020-06-09 00:00:00-04:00,26.441299438476562
2020-06-10 00:00:00-04:00,26.149869918823242
2020-06-11 00:00:00-04:00,25.062917709350586
2020-06-12 00:00:00-04:00,25.527626037597656
2020-06-15 00:00:00-04:00,26.25226402282715
2020-06-16 00:00:00-04:00,26.97689437866211
2020-06-17 00:00:00-04:00,27.01628303527832
2020-06-18 00:00:00-04:00,26.96901512145996
2020-06-19 00:00:00-04:00,26.425546646118164
2020-06-22 00:00:00-04:00,27.09504508972168
2020-06-23 00:00:00-04:00,26.95326805114746
2020-06-24 00:00:00-04:00,26.61458396911621
2020-06-25 00:00:00-04:00,26.535818099975586
2020-06-26 00:00:00-04:00,25.708786010742188
2020-06-29 00:00:00-04:00,26.5436954498291
2020-06-30 00:00:00-04:00,27.70153045654297
2020-07-01 00:00:00-04:00,28.095354080200195
2020-07-02 00:00:00-04:00,27.890565872192383
2020-07-06 00:00:00-04:00,27.992963790893555
2020-07-07 00:00:00-04:00,28.26075553894043
2020-07-08 00:00:00-04:00,28.11897850036621
2020-07-09 00:00:00-04:00,28.04022216796875
2020-07-10 00:00:00-04:00,28.59945297241211
2020-07-13 00:00:00-04:00,28.07172966003418
2020-07-14 00:00:00-04:00,28.96177101135254
2020-07-15 00:00:00-04:00,28.82785987854004
2020-07-16 00:00:00-04:00,28.82785987854004
2020-07-17 00:00:00-04:00,28.81212043762207
2020-07-20 00:00:00-04:00,28.512805938720703
2020-07-21 00:00:00-04:00,28.623085021972656
2020-07-22 00:00:00-04:00,28.75697898864746
2020-07-23 00:00:00-04:00,29.00115394592285
2020-07-24 00:00:00-04:00,28.835744857788086
2020-07-27 00:00:00-04:00,29.11929702758789
2020-07-28 00:00:00-04:00,29.37134552001953
2020-07-29 00:00:00-04:00,29.639141082763672
2020-07-30 00:00:00-04:00,29.434358596801758
2020-07-31 00:00:00-04:00,29.49737548828125
2020-08-03 00:00:00-04:00,29.753231048583984
2020-08-04 00:00:00-04:00,30.14930534362793
2020-08-05 00:00:00-04:00,29.76907730102539
2020-08-06 00:00:00-04:00,29.681943893432617
2020-08-07 00:00:00-04:00,29.975034713745117
2020-08-10 00:00:00-04:00,29.89581871032715
2020-08-11 00:00:00-04:00,29.50766372680664
2020-08-12 00:00:00-04:00,29.975034713745117
2020-08-13 00:00:00-04:00,29.864137649536133
2020-08-14 00:00:00-04:00,29.927499771118164
2020-08-17 00:00:00-04:00,30.14138412475586
2020-08-18 00:00:00-04:00,30.244369506835938
2020-08-19 00:00:00-04:00,30.054248809814453
2020-08-20 00:00:00-04:00,30.078018188476562
2020-08-21 00:00:00-04:00,29.95918846130371
2020-08-24 00:00:00-04:00,30.307741165161133
2020-08-25 00:00:00-04:00,30.687978744506836
2020-08-26 00:00:00-04:00,30.68004035949707
2020-08-27 00:00:00-04:00,30.711742401123047
2020-08-28 00:00:00-04:00,30.228517532348633
2020-08-31 00:00:00-04:00,30.386951446533203
2020-09-01 00:00:00-04:00,29.967117309570312
2020-09-02 00:00:00-04:00,30.299814224243164
2020-09-03 00:00:00-04:00,29.63441276550293
2020-09-04 00:00:00-04:00,29.412609100341797
2020-09-08 00:00:00-04:00,27.844144821166992
2020-09-09 00:00:00-04:00,28.366971969604492
2020-09-10 00:00:00-04:00,27.487680435180664
2020-09-11 00:00:00-04:00,27.30548667907715
2020-09-14 00:00:00-04:00,27.400541305541992
2020-09-15 00:00:00-04:00,27.38469696044922
2020-09-16 00:00:00-04:00,27.558971405029297
2020-09-17 00:00:00-04:00,27.566890716552734
2020-09-18 00:00:00-04:00,27.368852615356445
2020-09-21 00:00:00-04:00,27.75701141357422
2020-09-22 00:00:00-04:00,27.844144821166992
2020-09-23 00:00:00-04:00,26.822269439697266
2020-09-24 00:00:00-04:00,27.43222427368164
2020-09-25 00:00:00-04:00,27.82038688659668
2020-09-28 00:00:00-04:00,28.08971405029297
2020-09-29 00:00:00-04:00,28.10555648803711
2020-09-30 00:00:00-04:00,28.287752151489258
2020-10-01 00:00:00-04:00,28.41449546813965
2020-10-02 00:00:00-04:00,29.21457290649414
2020-10-05 00:00:00-04:00,29.38884162902832
2020-10-06 00:00:00-04:00,29.19080352783203
2020-10-07 00:00:00-04:00,29.610647201538086
2020-10-08 00:00:00-04:00,29.50766372680664
2020-10-09 00:00:00-04:00,29.563114166259766
2020-10-12 00:00:00-04:00,30.10970115661621
2020-10-13 00:00:00-04:00,30.054248809814453
2020-10-14 00:00:00-04:00,29.85620880126953
2020-10-15 00:00:00-04:00,29.935428619384766
2020-10-16 00:00:00-04:00,30.03047752380371
2020-10-19 00:00:00-04:00,29.681943893432617
2020-10-20 00:00:00-04:00,29.40468978881836
2020-10-21 00:00:00-04:00,29.380924224853516
2020-10-22 00:00:00-04:00,29.82452392578125
2020-10-23 00:00:00-04:00,30.101776123046875
2020-10-26 00:00:00-04:00,29.745315551757812
2020-10-27 00:00:00-04:00,29.27793312072754
2020-10-28 00:00:00-04:00,28.406578063964844
2020-10-29 00:00:00-04:00,28.121402740478516
2020-10-30 00:00:00-04:00,28.013622283935547
2020-11-02 00:00:00-05:00,28.4207763671875
2020-11-03 00:00:00-05:00,28.939693450927734
2020-11-04 00:00:00-05:00,28.97162628173828
2020-11-05 00:00:00-05:00,28.867841720581055
2020-11-06 00:00:00-05:00,28.79599380493164
2020-11-09 00:00:00-05:00,27.446805953979492
2020-11-10 00:00:00-05:00,27.925806045532227
2020-11-11 00:00:00-05:00,28.34892463684082
2020-11-12 00:00:00-05:00,28.26908302307129
2020-11-13 00:00:00-05:00,28.764055252075195
2020-11-16 00:00:00-05:00,29.17121124267578
2020-11-17 00:00:00-05:00,28.532541275024414
2020-11-18 00:00:00-05:00,28.324975967407227
2020-11-19 00:00:00-05:00,28.891794204711914
2020-11-20 00:00:00-05:00,28.62834358215332
2020-11-23 00:00:00-05:00,28.500608444213867
2020-11-24 00:00:00-05:00,28.22917366027832
2020-11-25 00:00:00-05:00,28.54850959777832
2020-11-27 00:00:00-05:00,28.69220733642578
2020-11-30 00:00:00-05:00,29.187177658081055
2020-12-01 00:00:00-05:00,28.97162628173828
2020-12-02 00:00:00-05:00,28.077486038208008
2020-12-03 00:00:00-05:00,28.24514389038086
2020-12-04 00:00:00-05:00,28.33296012878418
2020-12-07 00:00:00-05:00,28.237154006958008
2020-12-08 00:00:00-05:00,28.500608444213867
2020-12-09 00:00:00-05:00,28.50859260559082
2020-12-10 00:00:00-05:00,28.237154006958008
2020-12-11 00:00:00-05:00,28.2211856842041
2020-12-14 00:00:00-05:00,28.44472312927246
2020-12-15 00:00:00-05:00,28.476654052734375
2020-12-16 00:00:00-05:00,28.404815673828125
2020-12-17 00:00:00-05:00,28.875822067260742
2020-12-18 00:00:00-05:00,28.83591651916504
2020-12-21 00:00:00-05:00,28.716157913208008
2020-12-22 00:00:00-05:00,28.732126235961914
2020-12-23 00:00:00-05:00,29.067420959472656
2020-12-24 00:00:00-05:00,29.043476104736328
2020-12-28 00:00:00-05:00,29.235082626342773
2020-12-29 00:00:00-05:00,29.075414657592773
2020-12-30 00:00:00-05:00,28.84389877319336
2020-12-31 00:00:00-05:00,28.947673797607422
2021-01-04 00:00:00-05:00,28.732126235961914
2021-01-05 00:00:00-05:00,28.388845443725586
2021-01-06 00:00:00-05:00,28.524553298950195
2021-01-07 00:00:00-05:00,26.967805862426758
2021-01-08 00:00:00-05:00,27.19931983947754
2021-01-11 00:00:00-05:00,26.424930572509766
2021-01-12 00:00:00-05:00,26.27324676513672
2021-01-13 00:00:00-05:00,26.64846420288086
2021-01-14 00:00:00-05:00,27.1833553314209
2021-01-15 00:00:00-05:00,27.03167152404785
2021-01-19 00:00:00-05:00,26.848051071166992
2021-01-20 00:00:00-05:00,26.95183563232422
2021-01-21 00:00:00-05:00,27.191333770751953
2021-01-22 00:00:00-05:00,27.446805953979492
2021-01-25 00:00:00-05:00,27.909839630126953
2021-01-26 00:00:00-05:00,28.33296012878418
2021-01-27 00:00:00-05:00,28.556493759155273
2021-01-28 00:00:00-05:00,27.916898727416992
2021-01-29 00:00:00-05:00,27.836442947387695
2021-02-01 00:00:00-05:00,27.51463508605957
2021-02-02 00:00:00-05:00,27.89276123046875
2021-02-03 00:00:00-05:00,27.85253143310547
2021-02-04 00:00:00-05:00,27.828399658203125
2021-02-05 00:00:00-05:00,27.85253143310547
2021-02-08 00:00:00-05:00,27.997346878051758
2021-02-09 00:00:00-05:00,27.981260299682617
2021-02-10 00:00:00-05:00,28.415699005126953
2021-02-11 00:00:00-05:00,27.699676513671875
2021-02-12 00:00:00-05:00,27.79621696472168
2021-02-16 00:00:00-05:00,27.273277282714844
2021-02-17 00:00:00-05:00,27.32959747314453
2021-02-18 00:00:00-05:00,27.916898727416992
2021-02-19 00:00:00-05:00,27.434179306030273
2021-02-22 00:00:00-05:00,27.73990249633789
2021-02-23 00:00:00-05:00,28.134122848510742
2021-02-24 00:00:00-05:00,28.35133934020996
2021-02-25 00:00:00-05:00,27.812307357788086
2021-02-26 00:00:00-05:00,27.29741859436035
2021-03-01 00:00:00-05:00,27.474411010742188
2021-03-02 00:00:00-05:00,27.603132247924805
2021-03-03 00:00:00-05:00,27.98930549621582
2021-03-04 00:00:00-05:00,27.89276123046875
2021-03-05 00:00:00-05:00,28.56052017211914
2021-03-08 00:00:00-05:00,29.38916778564453
2021-03-09 00:00:00-05:00,28.99495506286621
2021-03-10 00:00:00-05:00,29.614437103271484
2021-03-11 00:00:00-05:00,29.365036010742188
2021-03-12 00:00:00-05:00,29.831655502319336
2021-03-15 00:00:00-04:00,30.03278923034668
2021-03-16 00:00:00-04:00,30.02474021911621
2021-03-17 00:00:00-04:00,29.80751609802246
2021-03-18 00:00:00-04:00,29.86384391784668
2021-03-19 00:00:00-04:00,30.451135635375977
2021-03-22 00:00:00-04:00,30.789037704467773
2021-03-23 00:00:00-04:00,30.571813583374023
2021-03-24 00:00:00-04:00,29.68684959411621
2021-03-25 00:00:00-04:00,30.475276947021484
2021-03-26 00:00:00-04:00,30.974084854125977
2021-03-29 00:00:00-04:00,31.126937866210938
2021-03-30 00:00:00-04:00,30.829252243041992
2021-03-31 00:00:00-04:00,30.2500057220459
2021-04-01 00:00:00-04:00,30.0006103515625
2021-04-05 00:00:00-04:00,30.161510467529297
2021-04-06 00:00:00-04:00,30.266101837158203
2021-04-07 00:00:00-04:00,29.960384368896484
2021-04-08 00:00:00-04:00,30.008655548095703
2021-04-09 00:00:00-04:00,29.11563491821289
2021-04-12 00:00:00-04:00,30.19369125366211
2021-04-13 00:00:00-04:00,29.944293975830078
2021-04-14 00:00:00-04:00,29.968427658081055
2021-04-15 00:00:00-04:00,30.23392105102539
2021-04-16 00:00:00-04:00,30.209787368774414
2021-04-19 00:00:00-04:00,30.451135635375977
2021-04-20 00:00:00-04:00,30.789037704467773
2021-04-21 00:00:00-04:00,31.01430320739746
2021-04-22 00:00:00-04:00,30.70858383178711
2021-04-23 00:00:00-04:00,30.2580509185791
2021-04-26 00:00:00-04:00,29.92819595336914
2021-04-27 00:00:00-04:00,29.815568923950195
2021-04-28 00:00:00-04:00,29.759246826171875
2021-04-29 00:00:00-04:00,29.95783233642578
2021-04-30 00:00:00-04:00,30.063207626342773
2021-05-03 00:00:00-04:00,30.395530700683594
2021-05-04 00:00:00-04:00,30.46847915649414
2021-05-05 00:00:00-04:00,30.6143798828125
2021-05-06 00:00:00-04:00,30.922391891479492
2021-05-07 00:00:00-04:00,30.760271072387695
2021-05-10 00:00:00-04:00,31.003433227539062
2021-05-11 00:00:00-04:00,30.760271072387695
2021-05-12 00:00:00-04:00,30.395530700683594
2021-05-13 00:00:00-04:00,30.90618133544922
2021-05-14 00:00:00-04:00,30.44416618347168
2021-05-17 00:00:00-04:00,30.5738525390625
2021-05-18 00:00:00-04:00,30.492795944213867
2021-05-19 00:00:00-04:00,30.500900268554688
2021-05-20 00:00:00-04:00,30.825111389160156
2021-05-21 00:00:00-04:00,30.938594818115234
2021-05-24 00:00:00-04:00,30.98723602294922
2021-05-25 00:00:00-04:00,30.88996696472168
2021-05-26 00:00:00-04:00,30.727859497070312
2021-05-27 00:00:00-04:00,30.7359561920166
2021-05-28 00:00:00-04:00,30.881858825683594
2021-06-01 00:00:00-04:00,30.946697235107422
2021-06-02 00:00:00-04:00,31.505977630615234
2021-06-03 00:00:00-04:00,31.45734214782715
2021-06-04 00:00:00-04:00,31.546504974365234
2021-06-07 00:00:00-04:00,31.441137313842773
2021-06-08 00:00:00-04:00,31.1817626953125
2021-06-09 00:00:00-04:00,30.24152946472168
2021-06-10 00:00:00-04:00,30.128049850463867
2021-06-11 00:00:00-04:00,30.25773811340332
2021-06-14 00:00:00-04:00,30.371213912963867
2021-06-15 00:00:00-04:00,30.192899703979492
2021-06-16 00:00:00-04:00,30.014568328857422
2021-06-17 00:00:00-04:00,29.487714767456055
2021-06-18 00:00:00-04:00,28.920337677001953
2021-06-21 00:00:00-04:00,29.050018310546875
2021-06-22 00:00:00-04:00,28.960857391357422
2021-06-23 00:00:00-04:00,28.5880069732666
2021-06-24 00:00:00-04:00,28.709590911865234
2021-06-25 00:00:00-04:00,28.89602279663086
2021-06-28 00:00:00-04:00,29.041919708251953
2021-06-29 00:00:00-04:00,29.14728355407715
2021-06-30 00:00:00-04:00,29.487714767456055
2021-07-01 00:00:00-04:00,29.179710388183594
2021-07-02 00:00:00-04:00,29.06623077392578
2021-07-06 00:00:00-04:00,29.090545654296875
2021-07-07 00:00:00-04:00,29.31749725341797
2021-07-08 00:00:00-04:00,29.25265884399414
2021-07-09 00:00:00-04:00,29.2769775390625
2021-07-12 00:00:00-04:00,29.122974395751953
2021-07-13 00:00:00-04:00,27.542402267456055
2021-07-14 00:00:00-04:00,27.46945571899414
2021-07-15 00:00:00-04:00,28.109785079956055
2021-07-16 00:00:00-04:00,28.255680084228516
2021-07-19 00:00:00-04:00,28.693378448486328
2021-07-20 00:00:00-04:00,28.377267837524414
2021-07-21 00:00:00-04:00,27.9801025390625
2021-07-22 00:00:00-04:00,27.663984298706055
2021-07-23 00:00:00-04:00,27.761247634887695
2021-07-26 00:00:00-04:00,27.761247634887695
2021-07-27 00:00:00-04:00,27.736936569213867
2021-07-28 00:00:00-04:00,27.36408233642578
2021-07-29 00:00:00-04:00,27.266815185546875
2021-07-30 00:00:00-04:00,27.145238876342773
2021-08-02 00:00:00-04:00,27.311323165893555
2021-08-03 00:00:00-04:00,27.098600387573242
2021-08-04 00:00:00-04:00,26.501317977905273
2021-08-05 00:00:00-04:00,26.40313148498535
2021-08-06 00:00:00-04:00,26.804046630859375
2021-08-09 00:00:00-04:00,27.123144149780273
2021-08-10 00:00:00-04:00,27.32769012451172
2021-08-11 00:00:00-04:00,27.663150787353516
2021-08-12 00:00:00-04:00,27.47496795654297
2021-08-13 00:00:00-04:00,27.85951805114746
2021-08-16 00:00:00-04:00,27.794063568115234
2021-08-17 00:00:00-04:00,27.87588119506836
2021-08-18 00:00:00-04:00,27.213144302368164
2021-08-19 00:00:00-04:00,27.442243576049805
2021-08-20 00:00:00-04:00,27.597698211669922
2021-08-23 00:00:00-04:00,27.450424194335938
2021-08-24 00:00:00-04:00,27.082233428955078
2021-08-25 00:00:00-04:00,26.885868072509766
2021-08-26 00:00:00-04:00,26.861326217651367
2021-08-27 00:00:00-04:00,27.041322708129883
2021-08-30 00:00:00-04:00,26.697683334350586
2021-08-31 00:00:00-04:00,27.098600387573242
2021-09-01 00:00:00-04:00,27.352243423461914
2021-09-02 00:00:00-04:00,27.384963989257812
2021-09-03 00:00:00-04:00,27.401334762573242
2021-09-07 00:00:00-04:00,27.147695541381836
2021-09-08 00:00:00-04:00,27.466785430908203
2021-09-09 00:00:00-04:00,27.18041229248047
2021-09-10 00:00:00-04:00,27.074050903320312
2021-09-13 00:00:00-04:00,27.319503784179688
2021-09-14 00:00:00-04:00,27.15587043762207
2021-09-15 00:00:00-04:00,27.36042022705078
2021-09-16 00:00:00-04:00,27.352243423461914
2021-09-17 00:00:00-04:00,27.384963989257812
2021-09-20 00:00:00-04:00,27.188600540161133
2021-09-21 00:00:00-04:00,26.975872039794922
2021-09-22 00:00:00-04:00,27.245868682861328
2021-09-23 00:00:00-04:00,27.15587043762207
2021-09-24 00:00:00-04:00,27.28678321838379
2021-09-27 00:00:00-04:00,27.646793365478516
2021-09-28 00:00:00-04:00,27.52405548095703
2021-09-29 00:00:00-04:00,28.358619689941406
2021-09-30 00:00:00-04:00,27.712244033813477
2021-10-01 00:00:00-04:00,27.57315444946289
2021-10-04 00:00:00-04:00,27.83496856689453
2021-10-05 00:00:00-04:00,28.03951644897461
2021-10-06 00:00:00-04:00,28.211345672607422
2021-10-07 00:00:00-04:00,27.998613357543945
2021-10-08 00:00:00-04:00,27.589519500732422
2021-10-11 00:00:00-04:00,27.450424194335938
2021-10-12 00:00:00-04:00,27.33587074279785
2021-10-13 00:00:00-04:00,27.13132667541504
2021-10-14 00:00:00-04:00,27.654972076416016
2021-10-15 00:00:00-04:00,27.204965591430664
2021-10-18 00:00:00-04:00,27.123144149780273
2021-10-19 00:00:00-04:00,27.18041229248047
2021-10-20 00:00:00-04:00,27.57315444946289
2021-10-21 00:00:00-04:00,27.278602600097656
2021-10-22 00:00:00-04:00,27.278602600097656
2021-10-25 00:00:00-04:00,26.91040802001953
2021-10-26 00:00:00-04:00,27.024959564208984
2021-10-27 00:00:00-04:00,26.689502716064453
2021-10-28 00:00:00-04:00,26.82040786743164
2021-10-29 00:00:00-04:00,26.5998477935791
2021-11-01 00:00:00-04:00,26.78158187866211
2021-11-02 00:00:00-04:00,27.120281219482422
2021-11-03 00:00:00-04:00,27.260713577270508
2021-11-04 00:00:00-04:00,26.971582412719727
2021-11-05 00:00:00-04:00,26.922021865844727
2021-11-08 00:00:00-05:00,26.674196243286133
2021-11-09 00:00:00-05:00,26.88071632385254
2021-11-10 00:00:00-05:00,26.831148147583008
2021-11-11 00:00:00-05:00,26.500715255737305
2021-11-12 00:00:00-05:00,26.64114761352539
2021-11-15 00:00:00-05:00,26.68245506286621
2021-11-16 00:00:00-05:00,26.426366806030273
2021-11-17 00:00:00-05:00,26.277673721313477
2021-11-18 00:00:00-05:00,25.707677841186523
2021-11-19 00:00:00-05:00,25.377246856689453
2021-11-22 00:00:00-05:00,25.914199829101562
2021-11-23 00:00:00-05:00,26.04637336730957
2021-11-24 00:00:00-05:00,26.104198455810547
2021-11-26 00:00:00-05:00,26.104198455810547
2021-11-29 00:00:00-05:00,26.02985382080078
2021-11-30 00:00:00-05:00,25.2368106842041
2021-12-01 00:00:00-05:00,25.154203414916992
2021-12-02 00:00:00-05:00,25.59202766418457
2021-12-03 00:00:00-05:00,25.914199829101562
2021-12-06 00:00:00-05:00,26.244632720947266
2021-12-07 00:00:00-05:00,26.269412994384766
2021-12-08 00:00:00-05:00,26.195064544677734
2021-12-09 00:00:00-05:00,26.327239990234375
2021-12-10 00:00:00-05:00,26.500715255737305
2021-12-13 00:00:00-05:00,26.822887420654297
2021-12-14 00:00:00-05:00,26.847673416137695
2021-12-15 00:00:00-05:00,27.202890396118164
2021-12-16 00:00:00-05:00,28.41722869873047
2021-12-17 00:00:00-05:00,28.56593132019043
2021-12-20 00:00:00-05:00,28.35114097595215
2021-12-21 00:00:00-05:00,27.94636344909668
2021-12-22 00:00:00-05:00,27.64070701599121
2021-12-23 00:00:00-05:00,27.533321380615234
2021-12-27 00:00:00-05:00,27.607667922973633
2021-12-28 00:00:00-05:00,28.037227630615234
2021-12-29 00:00:00-05:00,27.9876651763916
2021-12-30 00:00:00-05:00,27.9876651763916
2021-12-31 00:00:00-05:00,28.21070671081543
2022-01-03 00:00:00-05:00,28.136356353759766
2022-01-04 00:00:00-05:00,28.25200843811035
2022-01-05 00:00:00-05:00,28.21070671081543
2022-01-06 00:00:00-05:00,27.69853401184082
2022-01-07 00:00:00-05:00,28.706356048583984
2022-01-10 00:00:00-05:00,28.22722625732422
2022-01-11 00:00:00-05:00,28.07027244567871
2022-01-12 00:00:00-05:00,27.70679473876953
2022-01-13 00:00:00-05:00,28.392446517944336
2022-01-14 00:00:00-05:00,29.00374412536621
2022-01-18 00:00:00-05:00,29.160696029663086
2022-01-19 00:00:00-05:00,29.375486373901367
2022-01-20 00:00:00-05:00,29.28462028503418
2022-01-21 00:00:00-05:00,29.119400024414062
2022-01-24 00:00:00-05:00,29.168962478637695
2022-01-25 00:00:00-05:00,28.945919036865234
2022-01-26 00:00:00-05:00,28.780704498291016
2022-01-27 00:00:00-05:00,29.218528747558594
2022-01-28 00:00:00-05:00,29.454397201538086
2022-01-31 00:00:00-05:00,28.970989227294922
2022-02-01 00:00:00-05:00,29.146018981933594
2022-02-02 00:00:00-05:00,29.371047973632812
2022-02-03 00:00:00-05:00,29.396053314208984
2022-02-04 00:00:00-05:00,28.94598388671875
2022-02-07 00:00:00-05:00,29.154354095458984
2022-02-08 00:00:00-05:00,29.379384994506836
2022-02-09 00:00:00-05:00,29.329370498657227
2022-02-10 00:00:00-05:00,29.104347229003906
2022-02-11 00:00:00-05:00,29.74610710144043
2022-02-14 00:00:00-05:00,29.421052932739258
2022-02-15 00:00:00-05:00,29.521068572998047
2022-02-16 00:00:00-05:00,29.529403686523438
2022-02-17 00:00:00-05:00,29.90446662902832
2022-02-18 00:00:00-05:00,30.021150588989258
2022-02-22 00:00:00-05:00,29.871126174926758
2022-02-23 00:00:00-05:00,29.78777503967285
2022-02-24 00:00:00-05:00,28.59593391418457
2022-02-25 00:00:00-05:00,29.462726593017578
2022-02-28 00:00:00-05:00,29.146018981933594
2022-03-01 00:00:00-05:00,28.745956420898438
2022-03-02 00:00:00-05:00,28.837636947631836
2022-03-03 00:00:00-05:00,28.854305267333984
2022-03-04 00:00:00-05:00,28.670948028564453
2022-03-07 00:00:00-05:00,28.087528228759766
2022-03-08 00:00:00-05:00,25.77884864807129
2022-03-09 00:00:00-05:00,25.987215042114258
2022-03-10 00:00:00-05:00,25.56214714050293
2022-03-11 00:00:00-05:00,25.08707618713379
2022-03-14 00:00:00-04:00,26.3122615814209
2022-03-15 00:00:00-04:00,26.528959274291992
2022-03-16 00:00:00-04:00,26.42060661315918
2022-03-17 00:00:00-04:00,26.720657348632812
2022-03-18 00:00:00-04:00,26.453948974609375
2022-03-21 00:00:00-04:00,26.637311935424805
2022-03-22 00:00:00-04:00,26.92902374267578
2022-03-23 00:00:00-04:00,26.787334442138672
2022-03-24 00:00:00-04:00,26.90401840209961
2022-03-25 00:00:00-04:00,27.41242218017578
2022-03-28 00:00:00-04:00,27.362422943115234
2022-03-29 00:00:00-04:00,27.83748435974121
2022-03-30 00:00:00-04:00,27.83748435974121
2022-03-31 00:00:00-04:00,27.97917366027832
2022-04-01 00:00:00-04:00,28.40424156188965
2022-04-04 00:00:00-04:00,28.43758201599121
2022-04-05 00:00:00-04:00,28.420909881591797
2022-04-06 00:00:00-04:00,28.62094497680664
2022-04-07 00:00:00-04:00,28.695953369140625
2022-04-08 00:00:00-04:00,28.75429344177246
2022-04-11 00:00:00-04:00,29.1710262298584
2022-04-12 00:00:00-04:00,29.246036529541016
2022-04-13 00:00:00-04:00,29.721101760864258
2022-04-14 00:00:00-04:00,29.687767028808594
2022-04-18 00:00:00-04:00,29.496065139770508
2022-04-19 00:00:00-04:00,30.196168899536133
2022-04-20 00:00:00-04:00,30.454545974731445
2022-04-21 00:00:00-04:00,30.471216201782227
2022-04-22 00:00:00-04:00,30.104496002197266
2022-04-25 00:00:00-04:00,30.096162796020508
2022-04-26 00:00:00-04:00,29.51273536682129
2022-04-27 00:00:00-04:00,29.69610023498535
2022-04-28 00:00:00-04:00,30.203128814697266
2022-04-29 00:00:00-04:00,29.370691299438477
2022-05-02 00:00:00-04:00,28.773691177368164
2022-05-03 00:00:00-04:00,29.303415298461914
2022-05-04 00:00:00-04:00,30.009737014770508
2022-05-05 00:00:00-04:00,29.78270149230957
2022-05-06 00:00:00-04:00,29.925649642944336
2022-05-09 00:00:00-04:00,30.514240264892578
2022-05-10 00:00:00-04:00,30.02655029296875
2022-05-11 00:00:00-04:00,30.009737014770508
2022-05-12 00:00:00-04:00,29.9929141998291
2022-05-13 00:00:00-04:00,30.17790412902832
2022-05-16 00:00:00-04:00,29.967687606811523
2022-05-17 00:00:00-04:00,29.69020652770996
2022-05-18 00:00:00-04:00,27.184497833251953
2022-05-19 00:00:00-04:00,26.68840217590332
2022-05-20 00:00:00-04:00,26.671581268310547
2022-05-23 00:00:00-04:00,27.192903518676758
2022-05-24 00:00:00-04:00,27.646961212158203
2022-05-25 00:00:00-04:00,27.554471969604492
2022-05-26 00:00:00-04:00,27.731040954589844
2022-05-27 00:00:00-04:00,27.873987197875977
2022-05-31 00:00:00-04:00,27.655366897583008
2022-06-01 00:00:00-04:00,27.344257354736328
2022-06-02 00:00:00-04:00,27.176088333129883
2022-06-03 00:00:00-04:00,26.90701675415039
2022-06-06 00:00:00-04:00,27.083593368530273
2022-06-07 00:00:00-04:00,27.411521911621094
2022-06-08 00:00:00-04:00,27.461973190307617
2022-06-09 00:00:00-04:00,27.11722755432129
2022-06-10 00:00:00-04:00,27.38629913330078
2022-06-13 00:00:00-04:00,26.90701675415039
2022-06-14 00:00:00-04:00,26.738849639892578
2022-06-15 00:00:00-04:00,26.890201568603516
2022-06-16 00:00:00-04:00,26.696805953979492
2022-06-17 00:00:00-04:00,26.37728500366211
2022-06-21 00:00:00-04:00,27.192903518676758
2022-06-22 00:00:00-04:00,27.293804168701172
2022-06-23 00:00:00-04:00,28.00852394104004
2022-06-24 00:00:00-04:00,28.672786712646484
2022-06-27 00:00:00-04:00,28.630746841430664
2022-06-28 00:00:00-04:00,28.538249969482422
2022-06-29 00:00:00-04:00,28.866191864013672
2022-06-30 00:00:00-04:00,28.79050636291504
2022-07-01 00:00:00-04:00,29.05958366394043
2022-07-05 00:00:00-04:00,28.899816513061523
2022-07-06 00:00:00-04:00,29.25297737121582
2022-07-07 00:00:00-04:00,29.597721099853516
2022-07-08 00:00:00-04:00,29.69020652770996
2022-07-11 00:00:00-04:00,29.900426864624023
2022-07-12 00:00:00-04:00,29.93405532836914
2022-07-13 00:00:00-04:00,30.051776885986328
2022-07-14 00:00:00-04:00,27.873987197875977
2022-07-15 00:00:00-04:00,28.36168098449707
2022-07-18 00:00:00-04:00,28.092607498168945
2022-07-19 00:00:00-04:00,28.12624168395996
2022-07-20 00:00:00-04:00,27.857175827026367
2022-07-21 00:00:00-04:00,27.89921760559082
2022-07-22 00:00:00-04:00,28.2775936126709
2022-07-25 00:00:00-04:00,28.47939682006836
2022-07-26 00:00:00-04:00,28.437353134155273
2022-07-27 00:00:00-04:00,28.0673828125
2022-07-28 00:00:00-04:00,28.58030128479004
2022-07-29 00:00:00-04:00,28.76528549194336
2022-08-01 00:00:00-04:00,29.28660774230957
2022-08-02 00:00:00-04:00,28.964027404785156
2022-08-03 00:00:00-04:00,29.116830825805664
2022-08-04 00:00:00-04:00,28.845190048217773
2022-08-05 00:00:00-04:00,29.227188110351562
2022-08-08 00:00:00-04:00,29.091367721557617
2022-08-09 00:00:00-04:00,29.125316619873047
2022-08-10 00:00:00-04:00,29.210205078125
2022-08-11 00:00:00-04:00,29.235673904418945
2022-08-12 00:00:00-04:00,29.19322967529297
2022-08-15 00:00:00-04:00,29.62616539001465
2022-08-16 00:00:00-04:00,29.91478729248047
2022-08-17 00:00:00-04:00,29.906299591064453
2022-08-18 00:00:00-04:00,29.957231521606445
2022-08-19 00:00:00-04:00,30.05060577392578
2022-08-22 00:00:00-04:00,29.838382720947266
2022-08-23 00:00:00-04:00,29.872331619262695
2022-08-24 00:00:00-04:00,30.17793846130371
2022-08-25 00:00:00-04:00,30.203411102294922
2022-08-26 00:00:00-04:00,29.634653091430664
2022-08-29 00:00:00-04:00,29.74500846862793
2022-08-30 00:00:00-04:00,29.498828887939453
2022-08-31 00:00:00-04:00,29.184741973876953
2022-09-01 00:00:00-04:00,29.116830825805664
2022-09-02 00:00:00-04:00,29.048917770385742
2022-09-06 00:00:00-04:00,28.72633934020996
2022-09-07 00:00:00-04:00,29.456384658813477
2022-09-08 00:00:00-04:00,29.13381004333496
2022-09-09 00:00:00-04:00,29.17624855041504
2022-09-12 00:00:00-04:00,29.42243003845215
2022-09-13 00:00:00-04:00,28.565053939819336
2022-09-14 00:00:00-04:00,28.310386657714844
2022-09-15 00:00:00-04:00,28.539587020874023
2022-09-16 00:00:00-04:00,28.71785545349121
2022-09-19 00:00:00-04:00,29.06589698791504
2022-09-20 00:00:00-04:00,28.845190048217773
2022-09-21 00:00:00-04:00,29.13381004333496
2022-09-22 00:00:00-04:00,29.50731086730957
2022-09-23 00:00:00-04:00,29.15927505493164
2022-09-26 00:00:00-04:00,28.862163543701172
2022-09-27 00:00:00-04:00,28.11513900756836
2022-09-28 00:00:00-04:00,28.412256240844727
2022-09-29 00:00:00-04:00,28.23398780822754
2022-09-30 00:00:00-04:00,27.699188232421875
2022-10-03 00:00:00-04:00,27.936880111694336
2022-10-04 00:00:00-04:00,28.785762786865234
2022-10-05 00:00:00-04:00,28.692386627197266
2022-10-06 00:00:00-04:00,27.639768600463867
2022-10-07 00:00:00-04:00,27.885944366455078
2022-10-10 00:00:00-04:00,28.49713897705078
2022-10-11 00:00:00-04:00,28.768783569335938
2022-10-12 00:00:00-04:00,28.505634307861328
2022-10-13 00:00:00-04:00,29.184741973876953
2022-10-14 00:00:00-04:00,29.108339309692383
2022-10-17 00:00:00-04:00,29.074384689331055
2022-10-18 00:00:00-04:00,29.651626586914062
2022-10-19 00:00:00-04:00,29.651626586914062
2022-10-20 00:00:00-04:00,29.16775894165039
2022-10-21 00:00:00-04:00,29.44789695739746
2022-10-24 00:00:00-04:00,29.711050033569336
2022-10-25 00:00:00-04:00,29.74500846862793
2022-10-26 00:00:00-04:00,29.91478729248047
2022-10-27 00:00:00-04:00,30.37318229675293
2022-10-28 00:00:00-04:00,31.103227615356445
2022-10-31 00:00:00-04:00,31.154163360595703
2022-11-01 00:00:00-04:00,30.848556518554688
2022-11-02 00:00:00-04:00,30.762889862060547
2022-11-03 00:00:00-04:00,30.64295768737793
2022-11-04 00:00:00-04:00,30.822856903076172
2022-11-07 00:00:00-05:00,30.925655364990234
2022-11-08 00:00:00-05:00,30.574426651000977
2022-11-09 00:00:00-05:00,30.437355041503906
2022-11-10 00:00:00-05:00,30.146087646484375
2022-11-11 00:00:00-05:00,29.60638999938965
2022-11-14 00:00:00-05:00,29.092388153076172
2022-11-15 00:00:00-05:00,29.452194213867188
2022-11-16 00:00:00-05:00,30.017587661743164
2022-11-17 00:00:00-05:00,29.931926727294922
2022-11-18 00:00:00-05:00,30.79715919494629
2022-11-21 00:00:00-05:00,31.18265724182129
2022-11-22 00:00:00-05:00,31.33686065673828
2022-11-23 00:00:00-05:00,31.58529281616211
2022-11-25 00:00:00-05:00,31.799457550048828
2022-11-28 00:00:00-05:00,31.730928421020508
2022-11-29 00:00:00-05:00,31.662389755249023
2022-11-30 00:00:00-05:00,32.53618621826172
2022-12-01 00:00:00-05:00,32.407691955566406
2022-12-02 00:00:00-05:00,32.656124114990234
2022-12-05 00:00:00-05:00,32.76749038696289
2022-12-06 00:00:00-05:00,32.1763916015625
2022-12-07 00:00:00-05:00,32.75035858154297
2022-12-08 00:00:00-05:00,32.97309494018555
2022-12-09 00:00:00-05:00,32.570457458496094
2022-12-12 00:00:00-05:00,32.95595932006836
2022-12-13 00:00:00-05:00,32.75035858154297
2022-12-14 00:00:00-05:00,32.96452713012695
2022-12-15 00:00:00-05:00,32.81889724731445
2022-12-16 00:00:00-05:00,32.5618896484375
2022-12-19 00:00:00-05:00,32.664695739746094
2022-12-20 00:00:00-05:00,32.97309494018555
2022-12-21 00:00:00-05:00,33.22153091430664
2022-12-22 00:00:00-05:00,33.20439529418945
2022-12-23 00:00:00-05:00,33.272926330566406
2022-12-27 00:00:00-05:00,33.427127838134766
2022-12-28 00:00:00-05:00,33.11016082763672
2022-12-29 00:00:00-05:00,33.21295166015625
2022-12-30 00:00:00-05:00,33.15298843383789
2023-01-03 00:00:00-05:00,33.26435470581055
2023-01-04 00:00:00-05:00,33.11016082763672
2023-01-05 00:00:00-05:00,34.24095916748047
2023-01-06 00:00:00-05:00,35.08905029296875
2023-01-09 00:00:00-05:00,34.62645721435547
2023-01-10 00:00:00-05:00,34.643592834472656
2023-01-11 00:00:00-05:00,34.71212387084961
2023-01-12 00:00:00-05:00,34.37803268432617
2023-01-13 00:00:00-05:00,34.18955993652344
2023-01-17 00:00:00-05:00,34.292354583740234
2023-01-18 00:00:00-05:00,32.93882751464844
2023-01-19 00:00:00-05:00,32.78462600708008
2023-01-20 00:00:00-05:00,32.53618621826172
2023-01-23 00:00:00-05:00,32.06502151489258
2023-01-24 00:00:00-05:00,31.919387817382812
2023-01-25 00:00:00-05:00,31.816593170166016
2023-01-26 00:00:00-05:00,31.559587478637695
2023-01-27 00:00:00-05:00,31.516366958618164
2023-01-30 00:00:00-05:00,31.95722198486328
2023-01-31 00:00:00-05:00,32.14738845825195
2023-02-01 00:00:00-05:00,31.90535545349121
2023-02-02 00:00:00-05:00,31.343490600585938
2023-02-03 00:00:00-05:00,31.507728576660156
2023-02-06 00:00:00-05:00,31.90535545349121
2023-02-07 00:00:00-05:00,31.343490600585938
2023-02-08 00:00:00-05:00,31.369422912597656
2023-02-09 00:00:00-05:00,31.084169387817383
2023-02-10 00:00:00-05:00,31.43857765197754
2023-02-13 00:00:00-05:00,31.792984008789062
2023-02-14 00:00:00-05:00,31.170612335205078
2023-02-15 00:00:00-05:00,31.0150146484375
2023-02-16 00:00:00-05:00,30.963144302368164
2023-02-17 00:00:00-05:00,31.47315216064453
2023-02-21 00:00:00-05:00,31.429931640625
2023-02-22 00:00:00-05:00,31.334842681884766
2023-02-23 00:00:00-05:00,31.45586395263672
2023-02-24 00:00:00-05:00,31.57687759399414
2023-02-27 00:00:00-05:00,31.77568817138672
2023-02-28 00:00:00-05:00,31.47315216064453
2023-03-01 00:00:00-05:00,30.893999099731445
2023-03-02 00:00:00-05:00,30.989076614379883
2023-03-03 00:00:00-05:00,30.980438232421875
2023-03-06 00:00:00-05:00,31.04094696044922
2023-03-07 00:00:00-05:00,30.97179412841797
2023-03-08 00:00:00-05:00,31.032297134399414
2023-03-09 00:00:00-05:00,30.323482513427734
2023-03-10 00:00:00-05:00,30.262981414794922
2023-03-13 00:00:00-04:00,30.340776443481445
2023-03-14 00:00:00-04:00,30.669254302978516
2023-03-15 00:00:00-04:00,30.8334903717041
2023-03-16 00:00:00-04:00,31.0150146484375
2023-03-17 00:00:00-04:00,30.703832626342773
2023-03-20 00:00:00-04:00,31.248409271240234
2023-03-21 00:00:00-04:00,31.48179817199707
2023-03-22 00:00:00-04:00,31.395355224609375
2023-03-23 00:00:00-04:00,31.611461639404297
2023-03-24 00:00:00-04:00,32.1646842956543
2023-03-27 00:00:00-04:00,32.14738845825195
2023-03-28 00:00:00-04:00,32.225189208984375
2023-03-29 00:00:00-04:00,32.46722412109375
2023-03-30 00:00:00-04:00,32.320274353027344
2023-03-31 00:00:00-04:00,32.46722412109375
2023-04-03 00:00:00-04:00,32.363494873046875
2023-04-04 00:00:00-04:00,32.48451232910156
2023-04-05 00:00:00-04:00,33.08095169067383
2023-04-06 00:00:00-04:00,33.17604446411133
2023-04-10 00:00:00-04:00,32.47587203979492
2023-04-11 00:00:00-04:00,32.7697639465332
2023-04-12 00:00:00-04:00,32.51908874511719
2023-04-13 00:00:00-04:00,32.4499397277832
2023-04-14 00:00:00-04:00,31.95722198486328
2023-04-17 00:00:00-04:00,32.21654510498047
2023-04-18 00:00:00-04:00,32.156036376953125
2023-04-19 00:00:00-04:00,32.28569412231445
2023-04-20 00:00:00-04:00,32.32891845703125
2023-04-21 00:00:00-04:00,32.372135162353516
2023-04-24 00:00:00-04:00,32.60552978515625
2023-04-25 00:00:00-04:00,32.96858596801758
2023-04-26 00:00:00-04:00,32.69197463989258
2023-04-27 00:00:00-04:00,33.04949951171875
2023-04-28 00:00:00-04:00,33.1018180847168
2023-05-01 00:00:00-04:00,33.32854461669922
2023-05-02 00:00:00-04:00,33.529109954833984
2023-05-03 00:00:00-04:00,33.21517562866211
2023-05-04 00:00:00-04:00,32.805328369140625
2023-05-05 00:00:00-04:00,32.979736328125
2023-05-08 00:00:00-04:00,32.909976959228516
2023-05-09 00:00:00-04:00,32.97100830078125
2023-05-10 00:00:00-04:00,32.04667663574219
2023-05-11 00:00:00-04:00,31.82866859436035
2023-05-12 00:00:00-04:00,32.04667663574219
2023-05-15 00:00:00-04:00,31.863557815551758
2023-05-16 00:00:00-04:00,31.77634620666504
2023-05-17 00:00:00-04:00,31.99435043334961
2023-05-18 00:00:00-04:00,31.218263626098633
2023-05-19 00:00:00-04:00,31.253143310546875
2023-05-22 00:00:00-04:00,30.860727310180664
2023-05-23 00:00:00-04:00,30.712486267089844
2023-05-24 00:00:00-04:00,30.572965621948242
2023-05-25 00:00:00-04:00,30.285200119018555
2023-05-26 00:00:00-04:00,30.381122589111328
2023-05-30 00:00:00-04:00,29.901506423950195
2023-05-31 00:00:00-04:00,30.407278060913086
2023-06-01 00:00:00-04:00,30.01487159729004
2023-06-02 00:00:00-04:00,30.63400650024414
2023-06-05 00:00:00-04:00,30.538084030151367
2023-06-06 00:00:00-04:00,29.92766571044922
2023-06-07 00:00:00-04:00,29.735824584960938
2023-06-08 00:00:00-04:00,30.049753189086914
2023-06-09 00:00:00-04:00,29.979999542236328
2023-06-12 00:00:00-04:00,29.92766571044922
2023-06-13 00:00:00-04:00,30.075916290283203
2023-06-14 00:00:00-04:00,30.477041244506836
2023-06-15 00:00:00-04:00,30.3375186920166
2023-06-16 00:00:00-04:00,30.206714630126953
2023-06-20 00:00:00-04:00,29.857908248901367
2023-06-21 00:00:00-04:00,29.98870849609375
2023-06-22 00:00:00-04:00,29.98870849609375
2023-06-23 00:00:00-04:00,29.72710418701172
2023-06-26 00:00:00-04:00,29.892789840698242
2023-06-27 00:00:00-04:00,29.857908248901367
2023-06-28 00:00:00-04:00,28.820207595825195
2023-06-29 00:00:00-04:00,29.046932220458984
2023-06-30 00:00:00-04:00,29.404462814331055
2023-07-03 00:00:00-04:00,29.72710418701172
2023-07-05 00:00:00-04:00,29.36085319519043
2023-07-06 00:00:00-04:00,29.151573181152344
2023-07-07 00:00:00-04:00,28.96845245361328
2023-07-10 00:00:00-04:00,28.6981258392334
2023-07-11 00:00:00-04:00,28.88124656677246
2023-07-12 00:00:00-04:00,28.759166717529297
2023-07-13 00:00:00-04:00,28.916128158569336
2023-07-14 00:00:00-04:00,28.68940544128418
2023-07-17 00:00:00-04:00,28.148752212524414
2023-07-18 00:00:00-04:00,28.07027244567871
2023-07-19 00:00:00-04:00,28.401636123657227
2023-07-20 00:00:00-04:00,28.863807678222656
2023-07-21 00:00:00-04:00,29.029495239257812
2023-07-24 00:00:00-04:00,29.003332138061523
2023-07-25 00:00:00-04:00,29.064376831054688
2023-07-26 00:00:00-04:00,28.924848556518555
2023-07-27 00:00:00-04:00,28.872529983520508
2023-07-28 00:00:00-04:00,29.110488891601562
2023-07-31 00:00:00-04:00,28.916595458984375
2023-08-01 00:00:00-04:00,28.7050724029541
2023-08-02 00:00:00-04:00,28.943035125732422
2023-08-03 00:00:00-04:00,28.652193069458008
2023-08-04 00:00:00-04:00,28.475929260253906
2023-08-07 00:00:00-04:00,28.290843963623047
2023-08-08 00:00:00-04:00,27.515270233154297
2023-08-09 00:00:00-04:00,27.568151473999023
2023-08-10 00:00:00-04:00,27.374258041381836
2023-08-11 00:00:00-04:00,27.568151473999023
2023-08-14 00:00:00-04:00,27.233245849609375
2023-08-15 00:00:00-04:00,26.69563102722168
2023-08-16 00:00:00-04:00,26.46648406982422
2023-08-17 00:00:00-04:00,26.395977020263672
2023-08-18 00:00:00-04:00,26.607501983642578
2023-08-21 00:00:00-04:00,26.25496482849121
2023-08-22 00:00:00-04:00,26.228527069091797
2023-08-23 00:00:00-04:00,26.096324920654297
2023-08-24 00:00:00-04:00,26.140390396118164
2023-08-25 00:00:00-04:00,26.457672119140625
2023-08-28 00:00:00-04:00,26.713258743286133
2023-08-29 00:00:00-04:00,26.686819076538086
2023-08-30 00:00:00-04:00,26.536991119384766
2023-08-31 00:00:00-04:00,26.334285736083984
2023-09-01 00:00:00-04:00,25.840734481811523
2023-09-05 00:00:00-04:00,25.690908432006836
2023-09-06 00:00:00-04:00,25.602773666381836
2023-09-07 00:00:00-04:00,25.452951431274414
2023-09-08 00:00:00-04:00,25.64684295654297
2023-09-11 00:00:00-04:00,25.593961715698242
2023-09-12 00:00:00-04:00,25.23261260986328
2023-09-13 00:00:00-04:00,25.179738998413086
2023-09-14 00:00:00-04:00,25.611591339111328
2023-09-15 00:00:00-04:00,25.505830764770508
2023-09-18 00:00:00-04:00,25.311935424804688
2023-09-19 00:00:00-04:00,25.285497665405273
2023-09-20 00:00:00-04:00,25.488204956054688
2023-09-21 00:00:00-04:00,25.585147857666016
2023-09-22 00:00:00-04:00,25.43532371520996
2023-09-25 00:00:00-04:00,24.932958602905273
2023-09-26 00:00:00-04:00,24.686187744140625
2023-09-27 00:00:00-04:00,24.271961212158203
2023-09-28 00:00:00-04:00,24.183828353881836
2023-09-29 00:00:00-04:00,24.166200637817383
2023-10-02 00:00:00-04:00,23.6109619140625
2023-10-03 00:00:00-04:00,23.381811141967773
2023-10-04 00:00:00-04:00,23.381811141967773
2023-10-05 00:00:00-04:00,22.91470718383789
2023-10-06 00:00:00-04:00,23.276052474975586
2023-10-09 00:00:00-04:00,24.31602668762207
2023-10-10 00:00:00-04:00,24.26314926147461
2023-10-11 00:00:00-04:00,24.113319396972656
2023-10-12 00:00:00-04:00,23.46994400024414
2023-10-13 00:00:00-04:00,24.298398971557617
2023-10-16 00:00:00-04:00,24.46585464477539
2023-10-17 00:00:00-04:00,24.395347595214844
2023-10-18 00:00:00-04:00,24.13094711303711
2023-10-19 00:00:00-04:00,23.928239822387695
2023-10-20 00:00:00-04:00,23.787227630615234
2023-10-23 00:00:00-04:00,23.522830963134766
2023-10-24 00:00:00-04:00,23.85773468017578
2023-10-25 00:00:00-04:00,24.457042694091797
2023-10-26 00:00:00-04:00,24.38653564453125
2023-10-27 00:00:00-04:00,23.963491439819336
2023-10-30 00:00:00-04:00,23.998746871948242
2023-10-31 00:00:00-04:00,24.113319396972656
2023-11-01 00:00:00-04:00,24.086536407470703
2023-11-02 00:00:00-04:00,24.70254135131836
2023-11-03 00:00:00-04:00,24.827524185180664
2023-11-06 00:00:00-05:00,24.488279342651367
2023-11-07 00:00:00-05:00,24.452566146850586
2023-11-08 00:00:00-05:00,24.773958206176758
2023-11-09 00:00:00-05:00,24.943584442138672
2023-11-10 00:00:00-05:00,24.827524185180664
2023-11-13 00:00:00-05:00,24.613264083862305
2023-11-14 00:00:00-05:00,25.015005111694336
2023-11-15 00:00:00-05:00,25.131059646606445
2023-11-16 00:00:00-05:00,25.06856918334961
2023-11-17 00:00:00-05:00,25.157846450805664
2023-11-20 00:00:00-05:00,25.086421966552734
2023-11-21 00:00:00-05:00,25.175701141357422
2023-11-22 00:00:00-05:00,25.291757583618164
2023-11-24 00:00:00-05:00,25.434595108032227
2023-11-27 00:00:00-05:00,25.166772842407227
2023-11-28 00:00:00-05:00,25.193553924560547
2023-11-29 00:00:00-05:00,25.015005111694336
2023-11-30 00:00:00-05:00,25.256046295166016
2023-12-01 00:00:00-05:00,25.31854248046875
2023-12-04 00:00:00-05:00,25.854190826416016
2023-12-05 00:00:00-05:00,25.675642013549805
2023-12-06 00:00:00-05:00,26.247005462646484
2023-12-07 00:00:00-05:00,26.595182418823242
2023-12-08 00:00:00-05:00,26.354137420654297
2023-12-11 00:00:00-05:00,26.300569534301758
2023-12-12 00:00:00-05:00,26.43448829650879
2023-12-13 00:00:00-05:00,27.17547035217285
2023-12-14 00:00:00-05:00,26.71123695373535
2023-12-15 00:00:00-05:00,26.184511184692383
2023-12-18 00:00:00-05:00,26.327356338500977
2023-12-19 00:00:00-05:00,26.247005462646484
2023-12-20 00:00:00-05:00,25.31854248046875
2023-12-21 00:00:00-05:00,25.41674041748047
2023-12-22 00:00:00-05:00,25.58636474609375
2023-12-26 00:00:00-05:00,25.488162994384766
2023-12-27 00:00:00-05:00,25.398889541625977
2023-12-28 00:00:00-05:00,25.506019592285156
2023-12-29 00:00:00-05:00,25.58636474609375
2024-01-02 00:00:00-05:00,26.36306381225586
2024-01-03 00:00:00-05:00,26.139877319335938
2024-01-04 00:00:00-05:00,25.639930725097656
2024-01-05 00:00:00-05:00,25.18462562561035
2024-01-08 00:00:00-05:00,25.648862838745117
2024-01-09 00:00:00-05:00,26.17558479309082
2024-01-10 00:00:00-05:00,26.09523582458496
2024-01-11 00:00:00-05:00,25.666715621948242
2024-01-12 00:00:00-05:00,25.845266342163086
2024-01-16 00:00:00-05:00,25.51494598388672
2024-01-17 00:00:00-05:00,25.809555053710938
2024-01-18 00:00:00-05:00,25.63100242614746
2024-01-19 00:00:00-05:00,25.5506591796875
2024-01-22 00:00:00-05:00,25.648862838745117
2024-01-23 00:00:00-05:00,26.25593376159668
2024-01-24 00:00:00-05:00,26.25593376159668
2024-01-25 00:00:00-05:00,26.49697494506836
2024-01-26 00:00:00-05:00,26.44341278076172
2024-01-29 00:00:00-05:00,26.380170822143555
2024-01-30 00:00:00-05:00,26.596996307373047
2024-01-31 00:00:00-05:00,26.334999084472656
2024-02-01 00:00:00-05:00,26.786714553833008
2024-02-02 00:00:00-05:00,26.615060806274414
2024-02-05 00:00:00-05:00,25.801977157592773
2024-02-06 00:00:00-05:00,25.856184005737305
2024-02-07 00:00:00-05:00,25.621292114257812
2024-02-08 00:00:00-05:00,25.38640022277832
2024-02-09 00:00:00-05:00,24.753997802734375
2024-02-12 00:00:00-05:00,25.09730339050293
2024-02-13 00:00:00-05:00,24.65462303161621
2024-02-14 00:00:00-05:00,24.14869499206543
2024-02-15 00:00:00-05:00,24.54620933532715
2024-02-16 00:00:00-05:00,24.58234405517578
2024-02-20 00:00:00-05:00,25.72970199584961
2024-02-21 00:00:00-05:00,25.666460037231445
2024-02-22 00:00:00-05:00,25.54901885986328
2024-02-23 00:00:00-05:00,25.56708335876465
2024-02-26 00:00:00-05:00,25.305091857910156
2024-02-27 00:00:00-05:00,25.268953323364258
2024-02-28 00:00:00-05:00,25.41349983215332
2024-02-29 00:00:00-05:00,25.368331909179688
2024-03-01 00:00:00-05:00,25.09730339050293
2024-03-04 00:00:00-05:00,25.025026321411133
2024-03-05 00:00:00-05:00,25.025026321411133
2024-03-06 00:00:00-05:00,25.250883102416992
2024-03-07 00:00:00-05:00,25.115367889404297
2024-03-08 00:00:00-05:00,25.41349983215332
2024-03-11 00:00:00-04:00,25.774877548217773
2024-03-12 00:00:00-04:00,25.693565368652344
2024-03-13 00:00:00-04:00,25.61225700378418
2024-03-14 00:00:00-04:00,25.205711364746094
2024-03-15 00:00:00-04:00,25.359294891357422
2024-03-18 00:00:00-04:00,25.494810104370117
2024-03-19 00:00:00-04:00,26.073007583618164
2024-03-20 00:00:00-04:00,26.054935455322266
2024-03-21 00:00:00-04:00,26.154314041137695
2024-03-22 00:00:00-04:00,26.19045066833496
2024-03-25 00:00:00-04:00,26.28079605102539
2024-03-26 00:00:00-04:00,26.118179321289062
2024-03-27 00:00:00-04:00,26.64216423034668
2024-03-28 00:00:00-04:00,26.777679443359375
2024-04-01 00:00:00-04:00,26.813817977905273
2024-04-02 00:00:00-04:00,26.69637107849121
2024-04-03 00:00:00-04:00,26.253692626953125
2024-04-04 00:00:00-04:00,27.681110382080078
2024-04-05 00:00:00-04:00,28.08765411376953
2024-04-08 00:00:00-04:00,28.259307861328125
2024-04-09 00:00:00-04:00,28.259307861328125
2024-04-10 00:00:00-04:00,27.644973754882812
2024-04-11 00:00:00-04:00,27.102914810180664
2024-04-12 00:00:00-04:00,26.47954750061035
2024-04-15 00:00:00-04:00,26.886093139648438
2024-04-16 00:00:00-04:00,27.111949920654297
2024-04-17 00:00:00-04:00,27.319738388061523
2024-04-18 00:00:00-04:00,27.428152084350586
2024-04-19 00:00:00-04:00,27.66304588317871
2024-04-22 00:00:00-04:00,28.096689224243164
2024-04-23 00:00:00-04:00,28.250272750854492
2024-04-24 00:00:00-04:00,28.52130126953125
2024-04-25 00:00:00-04:00,28.250272750854492
2024-04-26 00:00:00-04:00,28.07862091064453
2024-04-29 00:00:00-04:00,28.270503997802734
2024-04-30 00:00:00-04:00,28.12430763244629
2024-05-01 00:00:00-04:00,28.087757110595703
2024-05-02 00:00:00-04:00,28.18826675415039
2024-05-03 00:00:00-04:00,27.950700759887695
2024-05-06 00:00:00-04:00,27.585214614868164
2024-05-07 00:00:00-04:00,28.06948471069336
2024-05-08 00:00:00-04:00,28.169994354248047
2024-05-09 00:00:00-04:00,28.12430763244629
2024-05-10 00:00:00-04:00,28.444110870361328
2024-05-13 00:00:00-04:00,28.279640197753906
2024-05-14 00:00:00-04:00,28.3253231048584
2024-05-15 00:00:00-04:00,27.79537010192871
2024-05-16 00:00:00-04:00,28.31618881225586
2024-05-17 00:00:00-04:00,28.07862091064453
2024-05-20 00:00:00-04:00,28.060346603393555
2024-05-21 00:00:00-04:00,28.133447647094727
2024-05-22 00:00:00-04:00,28.106033325195312
2024-05-23 00:00:00-04:00,27.813644409179688
2024-05-24 00:00:00-04:00,27.66744613647461
2024-05-28 00:00:00-04:00,27.164899826049805
2024-05-29 00:00:00-04:00,26.698902130126953
2024-05-30 00:00:00-04:00,26.644079208374023
2024-05-31 00:00:00-04:00,27.301958084106445
2024-06-03 00:00:00-04:00,27.164899826049805
2024-06-04 00:00:00-04:00,27.411605834960938
2024-06-05 00:00:00-04:00,27.201448440551758
2024-06-06 00:00:00-04:00,26.991294860839844
2024-06-07 00:00:00-04:00,27.155763626098633
2024-06-10 00:00:00-04:00,26.76286506652832
2024-06-11 00:00:00-04:00,26.71717643737793
2024-06-12 00:00:00-04:00,26.24204444885254
2024-06-13 00:00:00-04:00,26.10498809814453
2024-06-14 00:00:00-04:00,25.89483070373535
2024-06-17 00:00:00-04:00,26.223770141601562
2024-06-18 00:00:00-04:00,26.19635772705078
2024-06-20 00:00:00-04:00,26.041025161743164
2024-06-21 00:00:00-04:00,26.333417892456055
2024-06-24 00:00:00-04:00,26.808549880981445
2024-06-25 00:00:00-04:00,26.561845779418945
2024-06-26 00:00:00-04:00,26.031888961791992
2024-06-27 00:00:00-04:00,25.89483070373535
2024-06-28 00:00:00-04:00,25.967931747436523
2024-07-01 00:00:00-04:00,25.858280181884766
2024-07-02 00:00:00-04:00,25.88569450378418
2024-07-03 00:00:00-04:00,25.70294761657715
2024-07-05 00:00:00-04:00,25.80345916748047
2024-07-08 00:00:00-04:00,25.949655532836914
2024-07-09 00:00:00-04:00,26.260318756103516
2024-07-10 00:00:00-04:00,26.324277877807617
2024-07-11 00:00:00-04:00,25.931379318237305
2024-07-12 00:00:00-04:00,25.903968811035156
2024-07-15 00:00:00-04:00,26.132402420043945
2024-07-16 00:00:00-04:00,26.48874855041504
2024-07-17 00:00:00-04:00,27.521251678466797
2024-07-18 00:00:00-04:00,27.493839263916016
2024-07-19 00:00:00-04:00,27.073528289794922
2024-07-22 00:00:00-04:00,27.10093879699707
2024-07-23 00:00:00-04:00,26.74458885192871
2024-07-24 00:00:00-04:00,27.28368377685547
2024-07-25 00:00:00-04:00,26.98215675354004
2024-07-26 00:00:00-04:00,27.356782913208008
2024-07-29 00:00:00-04:00,27.55780029296875
2024-07-30 00:00:00-04:00,27.758819580078125
2024-07-31 00:00:00-04:00,27.70399284362793
2024-08-01 00:00:00-04:00,27.96282386779785
2024-08-02 00:00:00-04:00,28.563678741455078
2024-08-05 00:00:00-04:00,27.7409725189209
2024-08-06 00:00:00-04:00,27.667020797729492
2024-08-07 00:00:00-04:00,27.528362274169922
2024-08-08 00:00:00-04:00,28.009044647216797
2024-08-09 00:00:00-04:00,27.870386123657227
2024-08-12 00:00:00-04:00,27.574581146240234
2024-08-13 00:00:00-04:00,28.064510345458984
2024-08-14 00:00:00-04:00,28.489727020263672
2024-08-15 00:00:00-04:00,27.888874053955078
2024-08-16 00:00:00-04:00,28.119972229003906
2024-08-19 00:00:00-04:00,28.73931312561035
2024-08-20 00:00:00-04:00,28.44350814819336
2024-08-21 00:00:00-04:00,28.415775299072266
2024-08-22 00:00:00-04:00,28.175434112548828
2024-08-23 00:00:00-04:00,28.314090728759766
2024-08-26 00:00:00-04:00,28.69309425354004
2024-08-27 00:00:00-04:00,28.905704498291016
2024-08-28 00:00:00-04:00,29.155288696289062
2024-08-29 00:00:00-04:00,28.69309425354004
2024-08-30 00:00:00-04:00,28.84099578857422
2024-09-03 00:00:00-04:00,29.50655746459961
2024-09-04 00:00:00-04:00,29.959508895874023
2024-09-05 00:00:00-04:00,30.070436477661133
2024-09-06 00:00:00-04:00,30.264558792114258
2024-09-09 00:00:00-04:00,30.347755432128906
2024-09-10 00:00:00-04:00,30.310781478881836
2024-09-11 00:00:00-04:00,29.09058380126953
2024-09-12 00:00:00-04:00,29.349411010742188
2024-09-13 00:00:00-04:00,29.626728057861328
2024-09-16 00:00:00-04:00,30.135143280029297
2024-09-17 00:00:00-04:00,30.09817123413086
2024-09-18 00:00:00-04:00,30.25531768798828
2024-09-19 00:00:00-04:00,29.941022872924805
2024-09-20 00:00:00-04:00,29.85782814025879
2024-09-23 00:00:00-04:00,29.86707305908203
2024-09-24 00:00:00-04:00,29.876312255859375
2024-09-25 00:00:00-04:00,29.848583221435547
2024-09-26 00:00:00-04:00,30.033462524414062
2024-09-27 00:00:00-04:00,30.014972686767578
2024-09-30 00:00:00-04:00,30.061189651489258
2024-10-01 00:00:00-04:00,30.24607276916504
2024-10-02 00:00:00-04:00,27.805679321289062
2024-10-03 00:00:00-04:00,27.130874633789062
2024-10-04 00:00:00-04:00,27.278776168823242
2024-10-07 00:00:00-04:00,26.899778366088867
2024-10-08 00:00:00-04:00,26.99221420288086
2024-10-09 00:00:00-04:00,27.093896865844727
2024-10-10 00:00:00-04:00,27.214069366455078
2024-10-11 00:00:00-04:00,27.149362564086914
2024-10-14 00:00:00-04:00,27.223312377929688
2024-10-15 00:00:00-04:00,27.34348487854004
2024-10-16 00:00:00-04:00,27.472896575927734
2024-10-17 00:00:00-04:00,28.018287658691406
2024-10-18 00:00:00-04:00,28.027530670166016
2024-10-21 00:00:00-04:00,27.278776168823242
2024-10-22 00:00:00-04:00,27.25104331970215
2024-10-23 00:00:00-04:00,27.223312377929688
2024-10-24 00:00:00-04:00,27.130874633789062
2024-10-25 00:00:00-04:00,27.204824447631836
2024-10-28 00:00:00-04:00,27.509876251220703
2024-10-29 00:00:00-04:00,27.204824447631836
2024-10-30 00:00:00-04:00,27.204824447631836
2024-10-31 00:00:00-04:00,27.0738525390625
2024-11-01 00:00:00-04:00,27.101917266845703
2024-11-04 00:00:00-05:00,26.914813995361328
2024-11-05 00:00:00-05:00,27.204824447631836
2024-11-06 00:00:00-05:00,27.03643226623535
2024-11-07 00:00:00-05:00,26.48447608947754
2024-11-08 00:00:00-05:00,26.606094360351562
2024-11-11 00:00:00-05:00,25.951231002807617
2024-11-12 00:00:00-05:00,25.89510154724121
2024-11-13 00:00:00-05:00,25.85767936706543
2024-11-14 00:00:00-05:00,25.679933547973633
2024-11-15 00:00:00-05:00,24.978294372558594
2024-11-18 00:00:00-05:00,24.89409828186035
2024-11-19 00:00:00-05:00,24.772480010986328
2024-11-20 00:00:00-05:00,25.371212005615234
2024-11-21 00:00:00-05:00,25.417985916137695
2024-11-22 00:00:00-05:00,25.651866912841797
2024-11-25 00:00:00-05:00,25.679933547973633
2024-11-26 00:00:00-05:00,25.71735382080078
2024-11-27 00:00:00-05:00,25.679933547973633
2024-11-29 00:00:00-05:00,25.773483276367188
2024-12-02 00:00:00-05:00,26.026073455810547
2024-12-03 00:00:00-05:00,25.92316436767578
2024-12-04 00:00:00-05:00,25.55831527709961
2024-12-05 00:00:00-05:00,26.026073455810547
2024-12-06 00:00:00-05:00,25.48347282409668
2024-12-09 00:00:00-05:00,25.951231002807617
2024-12-10 00:00:00-05:00,26.044782638549805
2024-12-11 00:00:00-05:00,25.941875457763672
2024-12-12 00:00:00-05:00,26.259950637817383
2024-12-13 00:00:00-05:00,26.38157081604004
2024-12-16 00:00:00-05:00,26.100914001464844
2024-12-17 00:00:00-05:00,26.082202911376953
2024-12-18 00:00:00-05:00,25.60508918762207
2024-12-19 00:00:00-05:00,25.081199645996094
2024-12-20 00:00:00-05:00,25.36185646057129
2024-12-23 00:00:00-05:00,25.75477409362793
2024-12-24 00:00:00-05:00,25.85767936706543
2024-12-26 00:00:00-05:00,25.773483276367188
2024-12-27 00:00:00-05:00,25.876392364501953
2024-12-30 00:00:00-05:00,25.764129638671875
2024-12-31 00:00:00-05:00,25.960586547851562
2025-01-02 00:00:00-05:00,25.885746002197266
2025-01-03 00:00:00-05:00,25.867034912109375
2025-01-06 00:00:00-05:00,25.156042098999023
2025-01-07 00:00:00-05:00,24.912809371948242
2025-01-08 00:00:00-05:00,24.884742736816406
2025-01-10 00:00:00-05:00,24.267301559448242
2025-01-13 00:00:00-05:00,24.576025009155273
2025-01-14 00:00:00-05:00,24.370206832885742
2025-01-15 00:00:00-05:00,23.86503028869629
2025-01-16 00:00:00-05:00,24.126976013183594
2025-01-17 00:00:00-05:00,24.155040740966797
2025-01-21 00:00:00-05:00,24.04277992248535
2025-01-22 00:00:00-05:00,23.677927017211914
2025-01-23 00:00:00-05:00,23.705991744995117
2025-01-24 00:00:00-05:00,24.11762046813965
2025-01-27 00:00:00-05:00,24.857362747192383
2025-01-28 00:00:00-05:00,24.288330078125
2025-01-29 00:00:00-05:00,24.56336212158203
2025-01-30 00:00:00-05:00,24.933237075805664
2025-01-31 00:00:00-05:00,24.553878784179688
2025-02-03 00:00:00-05:00,24.14607048034668
2025-02-04 00:00:00-05:00,23.738264083862305
2025-02-05 00:00:00-05:00,23.814132690429688
2025-02-06 00:00:00-05:00,23.71929359436035
2025-02-07 00:00:00-05:00,23.539098739624023
2025-02-10 00:00:00-05:00,23.26406478881836
2025-02-11 00:00:00-05:00,23.624454498291016
2025-02-12 00:00:00-05:00,23.482194900512695
2025-02-13 00:00:00-05:00,23.690841674804688
2025-02-14 00:00:00-05:00,23.975360870361328
2025-02-18 00:00:00-05:00,22.666576385498047
2025-02-19 00:00:00-05:00,23.036453247070312
2025-02-20 00:00:00-05:00,23.558067321777344
2025-02-21 00:00:00-05:00,24.459041595458984
2025-02-24 00:00:00-05:00,24.48749351501465
2025-02-25 00:00:00-05:00,24.753042221069336
2025-02-26 00:00:00-05:00,24.051231384277344
2025-02-27 00:00:00-05:00,24.25039291381836
2025-02-28 00:00:00-05:00,24.221942901611328
2025-03-03 00:00:00-05:00,24.70562171936035
2025-03-04 00:00:00-05:00,24.155553817749023
2025-03-05 00:00:00-05:00,24.079683303833008
2025-03-06 00:00:00-05:00,24.63923454284668
2025-03-07 00:00:00-05:00,25.824724197387695
2025-03-10 00:00:00-04:00,26.194597244262695
2025-03-11 00:00:00-04:00,25.331562042236328
2025-03-12 00:00:00-04:00,24.572847366333008
2025-03-13 00:00:00-04:00,24.47800636291504
2025-03-14 00:00:00-04:00,24.326263427734375
2025-03-17 00:00:00-04:00,24.724590301513672
2025-03-18 00:00:00-04:00,24.658201217651367
2025-03-19 00:00:00-04:00,24.56336212158203
2025-03-20 00:00:00-04:00,24.56336212158203
2025-03-21 00:00:00-04:00,24.35471534729004
2025-03-24 00:00:00-04:00,24.402135848999023
2025-03-25 00:00:00-04:00,24.041748046875
2025-03-26 00:00:00-04:00,24.582332611083984
2025-03-27 00:00:00-04:00,25.09446144104004
2025-03-28 00:00:00-04:00,25.179819107055664
2025-03-31 00:00:00-04:00,25.293622970581055
2025-04-01 00:00:00-04:00,25.227237701416016
2025-04-02 00:00:00-04:00,25.018590927124023
2025-04-03 00:00:00-04:00,25.39794921875
2025-04-04 00:00:00-04:00,25.303110122680664
2025-04-07 00:00:00-04:00,24.648717880249023
2025-04-08 00:00:00-04:00,23.700326919555664
2025-04-09 00:00:00-04:00,24.36420249938965
2025-04-10 00:00:00-04:00,24.165037155151367
2025-04-11 00:00:00-04:00,24.63923454284668
2025-04-14 00:00:00-04:00,24.838397979736328
2025-04-15 00:00:00-04:00,24.23142433166504
2025-04-16 00:00:00-04:00,23.614971160888672
2025-04-17 00:00:00-04:00,24.02277946472168
2025-04-21 00:00:00-04:00,24.079683303833008
2025-04-22 00:00:00-04:00,24.165037155151367
2025-04-23 00:00:00-04:00,23.918455123901367
2025-04-24 00:00:00-04:00,23.63393783569336
2025-04-25 00:00:00-04:00,23.188196182250977
2025-04-28 00:00:00-04:00,23.1689510345459
2025-04-29 00:00:00-04:00,23.41911506652832
2025-04-30 00:00:00-04:00,23.775115966796875
2025-05-01 00:00:00-04:00,23.265167236328125
2025-05-02 00:00:00-04:00,22.957275390625
2025-05-05 00:00:00-04:00,22.62051773071289
2025-05-06 00:00:00-04:00,22.466569900512695
2025-05-07 00:00:00-04:00,22.129812240600586
2025-05-08 00:00:00-04:00,22.341487884521484
2025-05-09 00:00:00-04:00,22.216407775878906
2025-05-12 00:00:00-04:00,22.428083419799805
2025-05-13 00:00:00-04:00,21.966243743896484
2025-05-14 00:00:00-04:00,21.600622177124023
2025-05-15 00:00:00-04:00,21.90851593017578
2025-05-16 00:00:00-04:00,22.110567092895508
2025-05-19 00:00:00-04:00,22.139432907104492
2025-05-20 00:00:00-04:00,22.216407775878906
2025-05-21 00:00:00-04:00,21.629486083984375
2025-05-22 00:00:00-04:00,21.465917587280273
2025-05-23 00:00:00-04:00,21.552513122558594
2025-05-27 00:00:00-04:00,22.03359603881836
2025-05-28 00:00:00-04:00,21.850784301757812
2025-05-29 00:00:00-04:00,21.812297821044922
2025-05-30 00:00:00-04:00,22.02397346496582
2025-06-02 00:00:00-04:00,21.898893356323242
2025-06-03 00:00:00-04:00,21.82192039489746
2025-06-04 00:00:00-04:00,21.64872932434082
2025-06-05 00:00:00-04:00,21.417810440063477
2025-06-06 00:00:00-04:00,21.542890548706055
2025-06-09 00:00:00-04:00,21.552513122558594
2025-06-10 00:00:00-04:00,21.590999603271484
2025-06-11 00:00:00-04:00,21.523649215698242
2025-06-12 00:00:00-04:00,21.437053680419922
2025-06-13 00:00:00-04:00,20.753915786743164
2025-06-16 00:00:00-04:00,20.782779693603516
2025-06-17 00:00:00-04:00,20.734670639038086
2025-06-18 00:00:00-04:00,20.68656349182129
2025-06-20 00:00:00-04:00,20.676942825317383
2025-06-23 00:00:00-04:00,20.792402267456055
2025-06-24 00:00:00-04:00,20.6480770111084
2025-06-25 00:00:00-04:00,19.67629051208496
2025-06-26 00:00:00-04:00,19.724397659301758
2025-06-27 00:00:00-04:00,19.6281795501709
2025-06-30 00:00:00-04:00,19.695533752441406
2025-07-01 00:00:00-04:00,20.253589630126953
2025-07-02 00:00:00-04:00,20.340185165405273
2025-07-03 00:00:00-04:00,20.195859909057617
2025-07-07 00:00:00-04:00,19.63780403137207
2025-07-08 00:00:00-04:00,19.868722915649414
2025-07-09 00:00:00-04:00,19.608938217163086
2025-07-10 00:00:00-04:00,18.75261116027832
2025-07-11 00:00:00-04:00,18.666015625
2025-07-14 00:00:00-04:00,18.646770477294922
2025-07-15 00:00:00-04:00,18.28114891052246
2025-07-16 00:00:00-04:00,18.319637298583984
2025-07-17 00:00:00-04:00,18.252283096313477
2025-07-18 00:00:00-04:00,18.348501205444336
2025-07-21 00:00:00-04:00,18.040607452392578
2025-07-22 00:00:00-04:00,18.666015625
2025-07-23 00:00:00-04:00,18.887311935424805
2025-07-24 00:00:00-04:00,18.569799423217773
2025-07-25 00:00:00-04:00,18.483203887939453
2025-07-28 00:00:00-04:00,18.473583221435547
2025-07-29 00:00:00-04:00,18.646770477294922
2025-07-30 00:00:00-04:00,18.156841278076172
2025-07-31 00:00:00-04:00,17.89227867126465
2025-08-01 00:00:00-04:00,18.137245178222656
2025-08-04 00:00:00-04:00,18.31361961364746
2025-08-05 00:00:00-04:00,18.421403884887695
2025-08-06 00:00:00-04:00,18.548786163330078
2025-08-07 00:00:00-04:00,18.862340927124023
2025-08-08 00:00:00-04:00,18.862340927124023
2025-08-11 00:00:00-04:00,18.881938934326172
2025-08-12 00:00:00-04:00,19.10730743408203
2025-08-13 00:00:00-04:00,19.12690544128418
2025-08-14 00:00:00-04:00,19.05831527709961
2025-08-15 00:00:00-04:00,18.783952713012695
2025-08-18 00:00:00-04:00,18.5977783203125
2025-08-19 00:00:00-04:00,18.881938934326172
2025-08-20 00:00:00-04:00,18.862340927124023
2025-08-21 00:00:00-04:00,18.911334991455078
2025-08-22 00:00:00-04:00,19.26408576965332
2025-08-25 00:00:00-04:00,18.774154663085938
2025-08-26 00:00:00-04:00,18.411605834960938
2025-08-27 00:00:00-04:00,18.774154663085938
2025-08-28 00:00:00-04:00,18.411605834960938
2025-08-29 00:00:00-04:00,18.7447566986084
2025-09-02 00:00:00-04:00,18.39200782775879
2025-09-03 00:00:00-04:00,18.8133487701416
2025-09-04 00:00:00-04:00,18.55858612060547
2025-09-05 00:00:00-04:00,18.891738891601562
2025-09-08 00:00:00-04:00,19.068111419677734
2025-09-09 00:00:00-04:00,19.028919219970703
2025-09-10 00:00:00-04:00,18.97012710571289
2025-09-11 00:00:00-04:00,19.04851531982422
2025-09-12 00:00:00-04:00,18.783952713012695
2025-09-15 00:00:00-04:00,18.294021606445312
2025-09-16 00:00:00-04:00,18.55858612060547
2025-09-17 00:00:00-04:00,18.50959014892578
2025-09-18 00:00:00-04:00,18.372411727905273
2025-09-19 00:00:00-04:00,18.166641235351562
2025-09-22 00:00:00-04:00,17.95107078552246
2025-09-23 00:00:00-04:00,17.83348846435547
2025-09-24 00:00:00-04:00,18.156841278076172
2025-09-25 00:00:00-04:00,17.715904235839844
2025-09-26 00:00:00-04:00,17.81389045715332
2025-09-29 00:00:00-04:00,17.67671012878418
2025-09-30 00:00:00-04:00,17.94127082824707
2025-10-01 00:00:00-04:00,18.911334991455078
2025-10-02 00:00:00-04:00,18.793752670288086
2025-10-03 00:00:00-04:00,18.725162506103516
2025-10-06 00:00:00-04:00,18.343013763427734
2025-10-07 00:00:00-04:00,18.52918815612793
2025-10-08 00:00:00-04:00,18.333215713500977
2025-10-09 00:00:00-04:00,18.127445220947266
2025-10-10 00:00:00-04:00,18.205833435058594
2025-10-13 00:00:00-04:00,17.823688507080078
2025-10-14 00:00:00-04:00,18.127445220947266
2025-10-15 00:00:00-04:00,17.970666885375977
2025-10-16 00:00:00-04:00,17.902076721191406
2025-10-17 00:00:00-04:00,18.186237335205078
2025-10-20 00:00:00-04:00,18.127445220947266
2025-10-21 00:00:00-04:00,18.24502944946289
2025-10-22 00:00:00-04:00,18.40180778503418
2025-10-23 00:00:00-04:00,18.09804916381836
2025-10-24 00:00:00-04:00,17.921674728393555
2025-10-27 00:00:00-04:00,18.127445220947266
2025-10-28 00:00:00-04:00,17.715904235839844
2025-10-29 00:00:00-04:00,17.029998779296875
2025-10-30 00:00:00-04:00,17.420000076293945
2025-10-31 00:00:00-04:00,17.190000534057617
2025-11-03 00:00:00-05:00,17.290000915527344
2025-11-04 00:00:00-05:00,17.110000610351562
2025-11-05 00:00:00-05:00,17.09000015258789
2025-11-06 00:00:00-05:00,16.700000762939453
2025-11-07 00:00:00-05:00,17.139999389648438
2025-11-10 00:00:00-05:00,16.979999542236328
2025-11-11 00:00:00-05:00,17.299999237060547
2025-11-12 00:00:00-05:00,17.34000015258789
2025-11-13 00:00:00-05:00,17.43000030517578
2025-11-14 00:00:00-05:00,17.450000762939453
2025-11-17 00:00:00-05:00,17.1200008392334
2025-11-18 00:00:00-05:00,17.3799991607666
2025-11-19 00:00:00-05:00,17.399999618530273
2025-11-20 00:00:00-05:00,17.3799991607666
2025-11-21 00:00:00-05:00,17.770000457763672
2025-11-24 00:00:00-05:00,17.520000457763672
2025-11-25 00:00:00-05:00,17.739999771118164
2025-11-26 00:00:00-05:00,17.81999969482422
2025-11-28 00:00:00-05:00,17.850000381469727
2025-12-01 00:00:00-05:00,17.670000076293945
2025-12-02 00:00:00-05:00,17.219999313354492
2025-12-03 00:00:00-05:00,17.15999984741211
2025-12-04 00:00:00-05:00,16.950000762939453
2025-12-05 00:00:00-05:00,17.049999237060547
2025-12-08 00:00:00-05:00,17.110000610351562
2025-12-09 00:00:00-05:00,17.1200008392334
2025-12-10 00:00:00-05:00,17.440000534057617
2025-12-11 00:00:00-05:00,17.600000381469727
2025-12-12 00:00:00-05:00,17.75
2025-12-15 00:00:00-05:00,17.940000534057617
2025-12-16 00:00:00-05:00,17.739999771118164
2025-12-17 00:00:00-05:00,17.920000076293945
2025-12-18 00:00:00-05:00,17.799999237060547
2025-12-19 00:00:00-05:00,17.350000381469727
2025-12-22 00:00:00-05:00,17.260000228881836
2025-12-23 00:00:00-05:00,16.979999542236328
2025-12-24 00:00:00-05:00,17.079999923706055
2025-12-26 00:00:00-05:00,17.239999771118164
2025-12-29 00:00:00-05:00,17.459999084472656
2025-12-30 00:00:00-05:00,17.43000030517578
2025-12-31 00:00:00-05:00,17.309999465942383
2026-01-02 00:00:00-05:00,17.299999237060547
2026-01-05 00:00:00-05:00,17.079999923706055
2026-01-06 00:00:00-05:00,16.850000381469727
2026-01-07 00:00:00-05:00,16.079999923706055
2026-01-08 00:00:00-05:00,16.579999923706055
2026-01-09 00:00:00-05:00,16.940000534057617
2026-01-12 00:00:00-05:00,16.690000534057617
2026-01-13 00:00:00-05:00,16.56999969482422
2026-01-14 00:00:00-05:00,17.1200008392334
